student,predicted_QT
00b6dd4fc7eb817e03708c532016ef30ce564a61,8.083280929103374
00bef8afee8f3c595d535c9c03c490cac1a4f021,8.29888890990037
01122b3ef7e59b84189e65985305f575d6bdf83c,8.530935623701627
0134f9f410c65ad0e8c2254a7e9288670e02a183,8.101495682789382
013de369c439ab0ead8aa7da64423aa395a8be39,8.610723510184382
014c59c6433fd764a0b08de6ffeb757eaf60aa73,8.051863181092486
0155f91fe242fe55e1af631b0f0afbe9938b185c,8.362944134772935
016f87a7bd87f233a8633fba8a1ca7ef5c3c63c1,8.506611314086138
017ec1bbad0d598e5a86ac3bd595b870b6456e61,8.32603962071413
01ad03ec301749c033155fc17e657cc767d447c8,8.153533609259123
020ef1c31cb4751bbfa1a88fba782db3c402e2fa,8.739395978408401
020f253c343856ea875e959023e79fb1d4d9c0a3,8.096453828479548
0248e16d134e1bd5b4352701e1f23b904b7c4cdf,8.405193931281186
024af5e4f76c23e7f08616c60e595453e538a1ba,8.398491052386337
0297fd76b36e100882756e636bb03031255f57da,8.866484112385413
02c88d535d7393d30ce3338174d0a17ee7e8b8cc,8.7220630920393
02f8a629f1a01a476de3944da2860d1c107f1b28,8.19259801868569
0304aa9c12a1c900dcb4413c6a4ce40cc05b1696,8.61859101684008
0306a80129ed6d5afadece8164929697bbbdea69,7.4722323307749825
0341249377940c004d0823408ace7cddbddbc923,8.812022064002106
035f97702f2c01d26ab1fae8f39ea2f98a0caa3c,8.0962778646545
0367f82909c46a900501cc32d02b913923f75314,8.109034582975283
038dfa39ea11eb199e32e61fa4bd264d6d7ebc72,8.127747437216748
041dc9a457bc7a9f1dcb5b215aaa78a6868483f5,7.735257576528518
045792bbf5167d31c0064c8520d189a09f276502,8.345014675206892
04d32bf7b10a238244d3e1acc3bcf53a449daf99,8.972622884874673
04fea422f4b51279771239f896f7acb7224a2def,8.358451765594491
04feabadb3e2d863eded075f541be8ff78d50474,8.228418475443977
052039d5c5915699359b1d549b36ea69330c0ac3,8.464636812189022
05203b8a827f60a7cbb49a7d04a0b45dae39fa8d,9.090527095679326
05218d5a6d67f5c1d6305dffb907e940260304c1,9.071701457217365
0538762f44e8dfb07dc26c8c771f06080b9b2dee,8.141019222165708
056711f171807d5b28f83e7afeb3d7e18ec3a5d9,8.499460474307337
0577e3c1b0a6df46c7fef07f400b42811cc77250,8.752934761688753
057b868ab03f5596f4a8c2e579c401f2fe9a2dfe,7.545129460678638
05b134c1a682085880fb7ce76d221a48955e5b8a,8.611890102186285
05b7c7d664702d3677ddbf5a03e976e24b16544c,8.020867879465142
05ed34d40112c0d0c446cb9c00fa6e14851a7aa1,8.050257018701828
05f7b04136abf33daf80973c0942a91751222e1e,8.471385779998629
0601ede7fba3727ac6cae3653b12cebafea42863,8.777233025168831
06024da8147b5cf6105beb4c403f67cf1ff0aea1,8.078373240435127
0603b8a222e368a7727190b2883c7ad7b96ce5ac,8.290428207290454
061a128e882272cd17340c8feb637cd0ff9e5dbf,8.039857268349406
062e8c58d3f85428aeed19095d12dcab6806f2ac,8.091359808929086
063c339a318b967ec77cd523f9ae4c62a7afa083,7.874752060032435
06490d06037ae75484a0a36a7a46e126b0b49495,8.833950010252432
0659d0431565eaacdc601973560ee8331f910947,8.085238966427934
06b43a9d40f16603a72a6333318a5086b7bb7e12,8.360994666030955
070671333adf94dadc433fcafc872c6301dd0744,7.596018545379532
073de6e606b6b7f3f44a8e8301ee87c3c978a2e2,8.110041218937623
076cc92aff4d582b4b87ff0d111496e4a646b12b,8.255381017300842
0785a61c54bc37c6ddad3c02b29d1f9e15adf85b,8.38064483273043
0799ab89dacde8042474f7bfe75a739fd151b73d,7.642818317983519
080df7c3716ee6b773c346c67056400fc235ffec,7.99416931217993
081cbf0e54173c1b4c90be93a514521bc9c710fb,7.874222861404705
081f6737145108d2cfb3e432f03d59670bae3ded,8.525262064482023
0821ac06ae77101d7dd9b8dd103f79ffa46657ab,7.95545710178736
08399013cfa671c37b50b71ef25f1b2fd606c009,8.372780818504403
08838c74dc4154d8f49b1408d27fb46ccb92d329,7.752192038604769
08b8ccf18df77b125fb5306e9ffb55ad284e1872,7.636155956509065
091ed1fe8fc042e202205f09f3d49a065c0f4da2,7.822724286280179
092370bceb84374c83ca09e8d8f93c837d923bc7,8.707708947423308
09cbbae64d03af8ca53224aaef7657171ba27f50,8.261421880457334
09cbe188b9d1e965edf6c1c46a96b9306ec2f329,7.4412385565141665
0a2c78cee9afdc522c5f0fae46937138f47b152b,7.6721793038429125
0a99205e11c0c6d86b348a926f693d6529e0210f,7.405415982157298
0a9b6ec3e82e8a2527b21eb3420a6d9b72f4f71e,8.765752010753198
0aad9682c3c4280eb05dbd27e6cab55f4b1ae4b4,8.391501047630435
0aaebc88f6106684d6993c156104c1ef36cf94e0,8.172765924959826
0ac20d28419a43394bc94b257c7aab70e87f1675,8.049732058801935
0aee33404db5dc946de8c70be37c6e82582885c6,8.797268975837257
0af47eed4e0bd9c21637fc39db8fc17fedb6b1c0,7.9554124104734285
0aff6f7083979073168bbdd6c227015eb09eced9,8.160213002511354
0b066d297dd2f4288d95b0f4a92a8af79b542bf3,7.897744140584074
0b18b1d653e0d031e1aee9129432b668c4264d3f,8.718053811475475
0b26c12ecc1bc4c1f127d5e6f6302b1b0b584faf,7.439034955348395
0b4355398b9c16ac0a7f559752e83b655f5aa6c7,7.876365316665476
0ba5c041f797e8baecc5f32034046994b801cbcf,8.026051197986499
0bd2037bf68a97753e5e67ab55dac026a649f279,8.230867356076265
0bd4c0cd006b55dbfa7806aa4b45926119ce9540,8.159624502123132
0bf111a9caedf02804f6991792490e63bc21058a,9.049507640791091
0bf71ee0dbde0fb1033887111d3094c61e66f44b,8.193236997631173
0c67423aa82630d4406e9477bb7462db4df09c4d,8.805367666529424
0c9cad573ea42e5a8d9058b834cbc9255128d54b,7.817776226467438
0cab57d7705bafe60116d29a1019a774cd661f02,8.229329818802574
0d05b13c0460dbd3e3e99537d6eb4665b0dd194b,8.428629142542793
0d667a9fcdc7162fa7182f0e14302a56dbe700c5,7.653696272977683
0d815307d5307124d148bbebfb41497230c4bd15,7.942293551107354
0dd138a9a2b0349ede3fee340cb02e40197aea3d,8.035511366288032
0de8af23bfda13f21ed67e41a5aace53ff8aef99,8.239992647064124
0dfa65b4dafad47b15abbfd6c6ce1aeb213901cf,7.3987937091815414
0e0d9e9f9bc2173402e77be7eaaaf0d562168009,7.98097421378534
0e346c62a6706465a1c49c59224eed1cdb5f7f5c,8.281813538785418
0e51dc16b3d9de6cbcada8abb58ddeddb448b6e8,8.06979943296075
0e63b2194be2efd4b5b5f2b6e2d77ac12aaadec3,7.848954509233397
0eb93817d6eb3d5bd3e44dbc75971eea193b924f,8.022052180420278
0ee9ac569e379f04a42a18c88cca093ef1121ab8,7.601688172539578
0f0664021ebbec70b1d3bb5a5419e22507179671,8.885154974699075
0f8c46242826be3cbe5e14f5773ee1da97697024,8.87474153040224
0fbb7000a8fd1f413cd7a06ec7baf2b1f6eb493a,7.992841942780736
0fbef055915162cb6d6501558499544d6dedb799,7.781382606930728
0fc728b5b267485042d587eeac067b6c4e2a1d15,8.630805070722618
0fc74820b7bcdd23c196f494e7686305acbdc71e,7.912113939366862
1004df3c370eb09604c10fd89f9e86a2c037a7dd,7.9090177528929
10208a0e6cd46ed16c4fd6b83f3993696ace5495,8.421109564421718
10253729dc5e3b0b2d3dddc37638199910394daf,8.349182179875465
1032e725ab35f7bffc504759477f8243066a026b,8.303474815036806
108f1062e8ab6d51f404e7f639e781edc9ae5eb2,8.080645987170689
10ab3b376215f6afcfc642ea66a50f92cf944717,7.458130068539363
10e3359db56b99eb2f621d7c875f3c26cdd01a64,7.891540722099083
110da1d7ba2be3ffa13d62c7ed8b917e5dcebece,8.891071026552856
1133fe0ca8444133bea1e55ef5b4026b5e8445fc,8.793748261923636
117d3bf4a5deb7a9f3422f088e10bb3f8eeb7e12,8.009853772202424
11f5d8226ebf0108a5a4ecad896a990ecb369247,7.865934976008414
11f61032ed64123d44a372930101fd5f3877e010,7.920624024606383
11f93249faeb096567269266fbebfc3b0f6b5dc1,8.003842383443997
123c4ff5313ccf709b3bc4bd3365087685440c71,7.792856410550526
12607a7c2283944afc08e1ce4df79ba688a31f74,9.411004368400404
1271071dc622e3a72b0ef187b6e955b9d59db5f8,7.4871733100993225
127974170c7fb2e3945a3c5b666bb7f6dadc87ad,9.001998010432171
12887fd9a4df4ba9b88a71f3fb1d2502a75995dd,8.422555422897949
128ed4bebb12d030efad936db13d26a620bd620a,8.23643285680246
12aa60fde9ce650c25faf60398d3c071cb80c1b4,8.867492492259874
12d6e24985ac80a581968fb1f36d699e6dd1cd33,7.975000124271131
12da07c3cca4f480a6064f7cbedaec11d677814a,8.192637622055159
12f1e26c28f731fd2ad1787db42f4c13de432ea4,8.386556042256148
13293554378a8a5f29de5440ab1c49003af0214a,8.85865807087567
132d544dce1633485350dd582ed7f13fad5da3f4,7.7479341550810314
137ffd846ed245676a14f1d5e8676a4ef646182b,7.989426271690083
1388c66d46212d87c084af2a8fdd0257444ce868,8.374323742654925
138c5848f009c004f0b8e2379316d5ec18332ff8,7.709312127880617
139aa923bf965f373c678ba8c10f500d78269e20,8.6128855181289
13b9e4710dc86e953960ebd2fbae7721d24fdc2a,7.7681733633157535
141e7bebd6db0745569c97910301a67c9962826e,8.465323203316691
14354d2cff31b4330ad9e939b18cc8fce8c1c085,8.42322275396958
1438feeb138cf0a2ac3e5583f5caec35e3104234,8.375258260360388
143fdbefc9ba427b841fbd52b7999b2a996562af,7.948295778059946
1466659761d4827040ac1226fa45ad172c4743a4,8.811694753288899
14a29b0a13697ed0e000bdb9f374180ccb495a2c,7.584206784236363
14a493d035053a109eeeeb50a501d2b69a8ec429,8.054292286082259
14e9c7d5220ae70aadd1e37038e74bba41439d65,7.700635444662066
155290f106d7951f353d1290f55d95a5a1535e90,7.2719279392805785
1587f82c10e4a0f4241b317cba4fb5691bab07a1,8.79262089801057
165e4e596c3bdade64bf0bd2491fa8234015f0d2,8.603575774698752
16a221ec975ec0eb2fcf4acd69fe87281d585ca7,8.807522293175332
16b6e419367318f9a3a28439ae013d55638ba0d3,8.362248717329287
172ed6401f9b9f97f6603c04fb2be3a83d495f12,7.885272845070223
17b62f15056932dddf225da7f5e30911e316f7ed,8.33837521476044
17ce312f66b2f6b7c5766e4d5cb1f7452aa20911,8.0770836243314
180a4c5f90b6d7bd4993c51385fb00b4d32d2834,7.792405025214995
18fc5492e3a88861f35c23bbb2805f724c1a135a,8.756405702631001
191ba6c8fd27e676f8c2f5341bfaf487765fa0dd,8.040810369295379
195aa2f618f1001a6ca4da0300dd8bb798013a73,9.072068799157869
19787a8ba9b724902ceb45f483190f766e9e291c,8.253065616867184
197914fcc84fa89dd136503225f5ecdbecb2600a,8.61489377639173
19bb25163e0a13d6d2b1606c92e1366ad7fd8341,8.07717701625997
19fb6947af793def84e3b7ab4f867bd460ad1b73,7.665782730807203
1a116d1e7d5af20a32ad9d0232b6803c70f7978d,8.315504734228329
1a4b69992c879b4e5f64e848ffdddc2f2f401e44,7.605213301243235
1a651a0e1038b173950ab2be4fb4b3016d617aa6,8.658785649399501
1a68900dd1fd8fa7892cc9450d53e991ca241785,7.569511844427852
1abf62f1e76bc5ac164061cff2a8171d6b6de657,8.007077070465655
1ad3d49b185ea0e42354cd94ac86c60ae982616d,8.918244810912213
1ae3ba4f07f87302215a9b35d195bfbeef187ebc,9.008149379630353
1b248f11648c9000f277a02dc5d4bea3800ba43a,7.989254791405792
1b30ad6d355a521cb70e2eff2efe28c3d2fcec9e,7.927312483475357
1bb7bc7fa80594c77e224e8f9632c765f26838e5,8.248919693050052
1bdf6175e8df831b083615bea765e48098904986,7.5748055189180645
1bf00adb6ad4cfbed2cab01bf71398e1ed9db042,8.566439677183254
1c095c774d9d1d3a4ddcf533186e7146fdbf92a7,8.103194410859556
1c34dfe9c77773e6949a4d248b25897b3f78349d,8.62534751283523
1c38445c67beb9a58777c87a9c059cea1ccf2223,7.981681565935178
1c3928fd78413712a00cd78e6ec020b2cfc666fa,8.05595552569445
1cb262ad711450f9a6a0f5cf786788b17d2d481a,8.19458573097955
1ccece483f66d68acf592f017c1b5ca6c682542a,8.2699375208433
1ce192d1bbeca43c01873d6cd5a6318f4050fa56,7.807106541813551
1cfda392887d01754199fa5f5cecf6ea3c9b0fec,8.271283080692326
1d1a20a6ce616a1b0780f5c86f1f6cf9f7c9a5ff,8.56790468565905
1d2f411ed3ef95a96dea54ce6a09c0d0b65b6a7f,8.384465326172057
1d5ba7c1c8ab8d16890eeb1772560ab942c42003,7.573117579701257
1d9024c71085dc3822bac092baef8b238c3b497f,7.837157733365007
1db86260a9c5f649ae36ccd97c36920df2d51d20,7.509755542315029
1db8dc5d1005cd6d742fd9bfba759aeb2babab66,8.265096774599582
1dccadbfae8f0adb300cb239e727b2481e2b149e,8.022351724922682
1de22c51fffa76f33c3a7698a3f7a9e6ab6be9ac,7.777938465761075
1e055a4ba4266c760d42cc958ce119d344f402f6,8.996410506244413
1e09b1a5541a443716e68239b181fc116425a9b2,8.240796834618322
1e347993c7fb0053ac2a1b01b6b6c5a5fc3dad9d,8.784031904847133
1e48d7fffb4fbe08eec6151ce5b2378258d13aeb,8.221396506311743
1e4b0ce4b171b3e33195524f6a6425a1b8f98597,7.909095125308353
1e59ca9160cbe32a3bebef6df4339e30a16d0dfd,8.266483568900629
1e6562ac23e7980dcf32fa8963837c68dafc906f,8.111820540580856
1e87dd3db07a664f4eb34b7e0a3ac578ca8846f9,7.771333583859421
1f15254ccdc062083c8f4e02523e18c2384dc6e1,9.266040479299697
1f641156e4298943167e0e1ad7a63696ff3bc17d,8.178499327504605
1f7be2d565e2629c4ffe64c30c41252de69300c5,8.131848376238674
1f88d783ff0c3a19a1d34b4e45d71b4f9b14b976,8.931782249970267
1fde2156c0969b0aebe55ebab7ad14f529a492cf,9.489052521668764
1fec28e4753dac81fb5354793029a3a2f81c7b7a,7.941448682857976
1ff3bf1f9353578bd902ce0b3879369b46c72640,8.264723117529446
2003e05bf78d3b5b7f672aa1d02ae3aa0537706b,8.123506304287012
201b7f1b1071911915956b1d54f5b7e69a7d7cb3,7.826644903783431
209d7c77e7a150b6990a3372f7cb24da0c0e7e07,7.92920036376787
20efb5f5c748870210f094db59aa50c4360d32cc,7.826213224682313
213a1a52e92bd478f671a4e614a7ee5b82ea4b91,7.695353954720293
213a48a8028d2dd6ed42c47be4588ac5a909076b,8.42643462559737
21661552706810e470f97f098927a2b89d9b9eaa,7.647275265063343
216a3ccb8504db72c0b5ef227b00d61d2e2ec7be,8.063993478146221
2170453bef40f448016841b0ca5ad2e07143bf5a,8.16361959623448
218191f4a8648e65ada28c23f52f578dec21cd98,8.089944468243436
21a401ad12c3345ca4c3210d5d3c69db10526b98,8.384153981772156
21ab308abfa9829fcac76f8286d624afae8848aa,8.127316463566412
2290b12e40983b7635bc452c3b6e00c80549220a,7.963643124523404
2290d198e0649ef4dcfb6cd22d36d87969fb7bfb,8.276691544644414
22deb5e56e580b0b0353f10e076cad95a3b8e631,8.83867264636793
22e1f50c4e471c3ba307802b396b7d0a16706005,8.393546562923216
232cce96362898f08e9150ba244adaf2d6583ab2,8.108683745852806
2383a9a33025aa8759fee9a890f6420df0fc8b47,7.9721969860369875
2396ff874216d36060ef615c0531d71684b30b4f,8.695701281465823
23d64bbdd55f11cb1d617be60d7b5901c5fda2e6,7.92495197482684
23e8b9776a349c810234bb174f7326d14c89bce5,8.125593105307464
242788be909743713c5ade123c9f0b13cc4b2db6,7.957701114427041
2427d12cf7a43c66b921bdd9de261fb9b452b2b9,7.639450487100259
247df99ea72a42d6c12d6bd7b58ca0b2e163182e,7.952690643894091
248ff20c10b7d18c30fc84ce214936f5bb440e6e,8.366502808690441
249c629226d7716b59d1841c45dbca54afe3c1a2,8.066567476561332
24a9bfba88ed640e9690cd9f6bf4a2985f78522b,7.810374062781797
251d2672c6ecd01a83e6fa19483d8e57ef5f45a5,8.708802589425538
253471036c41eba7c24bbb6e77d4541c95bbb5b7,7.975433397389679
2536ee746de2df68642ecf71037409e47fa1941c,8.171359302560962
254f59f316c0c9e98ce4d4ac6cb1718aef6d9f00,8.129433446527658
25501bb976f5234f69a8cb767dc5b4ab87a9021e,7.824557515106472
2572a6a2ba5183ab68c3da80b69071a6a05c3b84,7.763097754580364
25fe3c7b5bf2d814b49ed3523b5a27c744ae5513,8.069811637743332
26227f631ff63a4f02f7d69bda90131df9bab5dc,8.43503877473995
263102b5e7fbad9de96373d99c0697d8db856bb0,7.662011789312749
26374d5fbb53e326323e8de92a0745452c1142cf,8.043288879951932
2639449829463fd12c2b9ba6fb9ea1c56e94385f,8.508434499986585
2639f9f46c6949536c784118cbcd036cd00c075e,8.32316281238845
263d37689dbb1044d8118782303415a1eac550df,8.079817253038184
26b95825d4fbeaeda7cfab5f5e7cd96ae31097f9,8.45906928143658
26bf2e6d5a634712af2f46b7057a83a4052ce9b9,8.282279139880893
26c932032169ad849d274427dcbdcfb190f843d8,8.133224494978961
26cc2520b79b2222de0037a32fcaeb81c09f3002,7.626268130609393
26cdb442f5361c690f8045caf5e026e7945e1965,7.749508595524357
271c95c3471c6588b4b9ccda962ce197fc94a9b1,8.618972693346716
2785407c3fa2ce2c79a914657d9a4610ae1e5078,7.939706872180542
27ac09df014fc0454129c9953b06f2dd9b997fa9,8.931316604365941
27d6037b0e6ff9972c80bf6192062f3f2e8b076f,7.854157329142945
2813d0ddc37e34a25e798ebf8c8ecb2fc659e8b7,8.313090198444886
2826a109ddc9b90686ec063ba1f90c72c655f8e7,8.238148419240444
2852641e2b7b084ef62df976d53340ead50e5e76,8.173711412719978
2855b4b4d03c37c94117e615a25e0e321ec8d77a,8.131558169612418
286ccf0d6187c170c299fa64d15a3705e7900a33,8.513750330124276
28940a6516bb354b4172fe3524f8b7328a5cf2fd,8.027586831951245
289a5bdde1fa9c49f221f19a10f636e81da724f5,8.580234454827034
28a0f5e69c747c78015cf8fb0eac804b9a733bb2,8.1857362482198
28a125bc7a4d79ba10eeb2abdaa878d46eea4b32,8.140179174307512
28b6c6604b111cc912e369256cac2bf944041a2c,8.52416999911986
28bcffd0bfcfb54b43119a7b5397a3bb53278e9a,7.826961725323417
299ff5851760da9a9d8b8f218dc82b573a397d51,8.240922972663471
29a9c1bfe53383e21dc534379f5fd64c4efd4305,8.189363775470536
29c9f517c368a528325a1e38b51adf368923bb04,8.44073827272049
29e04945ee56ed79c4e07198c0e66375428284de,8.480297582528063
2a6a418be08d9f0184a804b2700a0d58950b219c,8.159128901842811
2a8f1b3e408879bc12a312938c32061d9e29a4e9,8.320844656816424
2a9497dcb278dde20143d0cb9a57e5cdf3763a8e,9.679510245347036
2ad77f650b2381bbdcc0011fe5d9bcffcb109831,8.566836245915926
2b1f3237bb60db7f72540e004a1596c7ff3fd549,8.413236032119464
2b96fc96ee2e0090a42957d84ccd09cda2c72b74,7.852585906366288
2bae7a494d77c9c7cc0ccdc65a1915d25e31d2d5,8.841118620263632
2bfadd9c6a7bdbdd1ae792e0225b799ee67453a5,8.794137624826503
2c93a0edb553ae495ba9ca047361240c278f6cf8,7.576593059878556
2cc30f03509be89ad3bfd483b2bd69c999798805,8.17243136556609
2cd5132c3c49bd9d4d5081e386a4d69a593f850a,9.190286886456292
2cddc42a00117daf32501cba07d6dc181de7ed24,7.605914837296537
2d450fbabcb95dad1b49ce3a6c70ee6fd9ed6c68,8.45759595799844
2d621dbbe38ec756f71d3d1ff5b1f2de707330be,8.542889221684973
2e171212b96d4d95e0857baadfdc55455113dfc5,8.154608971406558
2e1dbf534b47dc518c2d4d577d312f6969d9e6b9,7.8460419238629555
2e22e4cd67d6f2e9f70782c69e67f4d15bee7d1d,8.994163121266759
2e2fe98cf7d490aba85a3eba367d9512bac08ce2,8.93046101541809
2e8b47e527548d947c688069d4a5c60ed67ace19,7.416454569794435
2ebc44186d8093752e9c9ad97b67114006718300,8.71890446909918
2ecfee45346013cf126b75cfc8bdd2ba3b0c2666,7.262660985560842
2f2abfea66cd61a09939960e751666a2c0913430,8.830621236564756
2f465acb00ca28cf6a7ef4b71b4df1208eb8fc8c,8.33359798977855
2f4cbc9afdd23132d572c5f7a81b4e9b19b8081d,7.81079124249297
2f7bdf97a5978e8b7a4b3f69a474540c0c38498e,8.143846346047361
2f7ef2d7fa25c0f8d9de0a5ca7301041b9d08e4d,8.374695815362484
2f968a678a61cc1179708dc2820405e288ca9c67,7.912431066826433
2fa2244e6e21b8799c5210d92f8966838a43783e,9.067993034838185
2fa311a94bc0da6d97955730d071ad6fcc770bfd,8.371999979228667
2fdf9d089409fcb9c3728b0a61bb0a00fcc85db8,8.539042744763648
2ffa1b41cbeda2e9683f9d608b9dccdc31323452,7.875966889625378
301483d94b9efd8e7d95ca45979a6583215c1d58,8.234259727068853
3015441ae521554bb4d04b1e3bad620170a43d79,8.528883148963494
308b8bd2a17694ea81d601d025d5cb4ea6fc1fba,7.668810396074045
309abbd71d6dc57c03605bdc4ffe90dce74c4f10,7.885592312073772
30af7a50bb0bc62e730b65f59788dadf102d49b1,8.972358059639784
315b83340476d3a8338543ccdc95dbc86bddb3ab,8.353589872615846
326a025b5c23347b9eb2c5ceae75a5908a461f69,8.190585876372877
32991cd9c0115e4bd4387c8fa3ed559f4eba345e,8.29005772994399
32b47658ae606bb95f1bbf1e1dc86accc255e926,8.005249935891873
32ccec47f44931be75b93c598cb145c4803be980,7.895188468095452
331639421af1df525391f1013c5363683efb9f68,8.250709221810906
334c7722802329509bf82a5cd7b4a38b5825cc42,8.416979672386715
334f25ceeca6e440b1210f205c253cdc8d25942e,8.185933421275735
3399fb9cc4f115ff1d6a41cf169d8ebd200c3418,8.02338658043155
339fff79c43561c995b29972a962ccec846c599f,8.407132053105846
33b16210a7736a6f75ef1b1f3cb7070a4d29395e,8.734334954052725
33b6ac5e8631fb9ee19cfaf3dd4a93928d47bcc3,8.346873044138595
33c1babbdbffe79f6f16e085a78ebd0b2a7b3a65,8.308018026219909
33c8bfb97b43132f0054b97a2ebb0f5f3768031d,8.62871253892877
33c9e776300c7de11e0736b069b8e5042372d418,8.875694389163327
33ead7fc0a3cd59c67bb412d705c5f5b9cedccfe,8.772715522770431
34283eb36b1b51da5126f973e69199151b8f26c2,8.079176502621305
346583cc308681a50145af444a26fb217df305c3,9.092821602504756
3469c710d9f5a4ef230caca3f99b1ed21411732d,8.232012923071531
347b6f40dbac97bd24c857f37744f2c4fd590cc8,8.265939815679578
34a00f81f528b38404f04d9a360e73fb17b62031,8.660780858861644
34a187324e5c8bb2723a6f51a038acfef94a7538,8.830835790766947
34b6d0f0fe1617146945db60df615d0d9bb3a4d1,8.50338144004235
34f6fd0da81e68652a26b633fcb7d4d4169e2e75,8.599025891524194
34ffbe3d2820a74472b93e9dcabc0e17f75e779c,7.636438615736555
357ec20d8f9f416f9b02b0f54a81d3f409d074e9,8.61759942967094
358cf36e763ba00426124c74961d59614fd9476a,8.570573539572695
35cc3e4b8108e6eb405c96afabb167d6c0f9b50c,9.029900742349007
363d3494b7918fffc4e59beed6c76eb7d05b2c64,8.162273172249582
363f5d64f8c70c78376d1b5f9485511daa5a9d8c,8.4821753873929
36a292355e4b31b866da368ac2bc7902a72d4db2,8.08495575356606
36dbfe4759f861ee72011812df2178cbbfd736a1,8.387843550062914
36f6af52bd08c15b005618724931a558fa7049f6,8.092374014213773
370a904c5a7deb4ae08f111c87564b0180d572b4,7.5976777897578405
371922831538deb39791562bd384acdf91531999,7.8530502007625165
374725662b17c0d200a5d372579406bb4d830bb5,8.083468856648217
37593f2cd1d978efb79e32ed6981b74ad8523ebd,8.636054792678989
37fd8930995a4978e8378d28a84e0aaf3ad85c2d,8.133255619943812
37ff40068998a37a4e2c73bbb325103500cdb0e0,8.458195492890427
3822d529be3c7a49da411682207b471d61822610,8.86103266895492
38397f1c58351146edd1787b0501bbdb31834abd,8.286792986356389
3841fabcde0188d8dc9b3060cacffafa3450ec85,9.455688658143217
3853851c5433317284f37cd530d642560effc35a,8.23833773993609
3886b365ce33e5988c6c8a73eed09ac8a7c784bf,8.496564358473874
388c0aed9f437cb576f998892257a1a9410d1a2e,8.002302065217295
390881963c5fbcde08d9cbc2ec73846bd8eabaa2,7.93512106604227
391d18cff3df066db6fcc8dad718d325607e5493,8.042763871010871
3949c822529f6d98d518b762c7b49b030685ddda,7.9751576111402365
394f4eb7fa3337f92a1148e8e9ba1727995bc8f5,7.777656037325471
3954b15205238530f2cb3b66db735fad6d0c8fda,8.612439660691185
39713cf2db02601e4bd6360ba70f8013c0433f48,8.117642845891558
39ab839c37c0269b14691b473ad894ba12e1afbc,8.492394749564557
39abf25961f2094474ac7c9d9d85735ecfaa10f8,7.419961646027888
3a1431fdc38caa2d40fdd0df60f76683af53a729,8.809253556730704
3a25a7b40408f3636b36d763cadc72c5ae6b628e,8.114473279126202
3a27f4f6ce9cc005a8f1a5f7441d26db75c9cd2c,8.273942779226378
3a3cf426569ff3ed1638fefb8d0a7bca73e0bdb7,8.102542254334342
3b0e56cb91cf7c26836c7fe857ef2fef62c2031f,7.7022782403245165
3b24016cbab8b8632a54240fed0a17406b35bc65,8.365568036563166
3b3559f14b77090ee6063be193efe80b19bcc591,8.638315118478376
3b5d744051772f15e4bc3167d749711fa798b0c1,8.182037776695545
3b951429b4166a9149480e360687549e1069a209,8.460485887667076
3bdad6ba65de3948b9939ebd98d80b03fe3f8e93,7.8523131357438185
3be1500e597852e42bb7fe17591b933e0bb44f93,8.329322216776422
3c499f0944773b5ae529a4356d92df5ce8ca7c0c,8.090861834062608
3caf61bb383eed4daa553e074208e84cdbdd7df0,7.684837605950714
3cde31c0a8378da5d6c2767652ec108deb9135a6,8.487843961919546
3d085aa7161eb03884e0a1e98d90f8d46e030d1a,8.157161535838899
3d0c27e5e776d4ebe788c50a8da1a1c9215ae25a,8.57487319671451
3d185c0c28fcae1ca2f5876a8e2e6681b38e5af7,8.554070245930006
3d1c486e68c08c272379fe7eeec4d38e75f54ae8,7.914723672959855
3d4f612148056feeb651f4711c1f640f5015101a,7.433325949637661
3d8d3a121d5e9126056c0676ac7ad2661696a572,7.937140605183834
3d8d550e8b7d9a0629bdd8e0ae73f8f0ac74b1a6,8.148105069442027
3d9b6ed975620e48ca0a5aee5fd19f5db1db3b18,8.903896281226492
3d9f8d11f15cce877a0766d08a6a920548041407,8.178527433187396
3dd2f099bd4cba1acad185a78c773972d450a899,8.421779614316774
3e19ebd05fd2cc465feff2f681011181a78e1341,7.515092673756534
3e572871d05f7888784ac55985fd52cd1c7aaa68,8.019505061183128
3e72f16a86233e81ccc2c9831c0297da6cca36e6,8.085326175093764
3ee8b93a31b564cdb14f3d62f08dd862461e0918,8.074840065301961
3f679f9f5c3b6c2a026bc0575cf7d5f3351a8db1,8.061959101816349
3f92f0a8c1729579c08e921fc041646ee2b50075,7.497082745939516
3fb53c585faf97ed5b0ecb316a4b419c969b790a,8.355221261258452
3fcc971a36a031eba3d5b8ce7a9181a4732a6cf0,8.770439722541736
40291da6897472b56a7ce6a0721a801b5014d3c7,7.684279026499294
404b067bd1dc212fb28d256714a9dc430d5e65af,8.745221625844398
4058bd26eee2f8affafaefd2b59b97c358e826cc,8.676969202725218
4069b40bebe0372926fcd92429f7431e300e6b52,7.9663956846434045
40741b5b2ac93f9d0eacd4a28b48508be0a378f9,7.427073392583588
40a41a33c4e0168e2716a09cecc11cc3abb5dbe0,8.07841123796492
40c0843e6cba7960b4a4fc631d0831b9242a9778,7.775570085606069
40d6052a7ccec94dae8348e5249381afabbbc985,8.136755913988079
40db6a6bd27b7f2fccb0ab0e4b97b2e64d5e79a2,8.29585933679736
410357eb9129023509cfaf8d38be61c050bb3b05,7.9076623299902735
41438ca9420c379467e8ca3456fc003d76bc99e2,8.203658545251756
414a76fbb610cfb396dc7177dfe67944fd7175f2,8.244459822289844
4178750f206a91c5b1cf0c5ac6a4021d23912736,7.990132486627729
41834c311cf35264cb9e6357eae499b95edb73b5,8.674203697056397
41c2ea992ebadf309d399ecabb99fba4487e2920,8.415163865107074
4203f7e50c4e403622aeb1b6d39ca45285510aa8,9.007924321104511
42510054a233b7b56beccee99fdd4543c3cff388,8.350855477149643
42fedf0a6f68d54738709e096f9352ccb17dc072,8.164362223292864
440a4bdda60ec044e91b9e5ee5c478c20bbbaf7e,9.136443779603805
440e56298b04156381c3f648f175b8697135845b,7.87664553382914
442024511cb1c5761a86578910e28f236daceb2e,8.597398228927037
44327e7dea2e5f69fea97c9333f7cd64484303c5,8.076807790268086
44557bbbb5013bd2d980dff1f4b5f6b47cb1363d,7.9452724600505045
4455e671bb93d6652e42fc0925b3cc47cbf6326a,9.042440792563267
448866b737d07d7d184e7c1111b8f50d1b8fe91b,7.431468335560047
448e09eb2299c7bc3435e9a680e5e7e81b6d732f,7.693207142421004
44ede8e2b591b3b54fc25469d50e442459da73f6,8.590283140917391
45147b7f31a588b0c4245845675f7856f4dfae30,7.735648733816347
4528fc0fa6d591a221aba2cd316264877b73bbb9,7.390641032188829
454c509567c0f19453009731315e3db245a8c756,8.01950135567961
456ba3f2e4bccbd1146955cb3f0438260a04f7ff,8.443535479280248
4586b41a1f104874583010a544bdd65113d2666c,9.037500515360374
45e8b53fe4fc590dd9c7564fe2c6fa3ede58fbea,9.227627365158122
463ef2266d31ca7f0bca92bfcc9ae7301addb58b,7.950595455685949
4644e181d653c04f17f76eed400fdf52a43b2237,7.454637544828357
469c5d7634f0e3277f7bc8edfb3d9eb291fc6199,8.416574019017874
46bd0614cd76a4fa3af7d06e5feae3db673a43a1,8.093722807554228
46c1ebc62f7d6b099a6696755c9be3b984d2a27a,8.150118548728374
46c49850a9aa3be9f66161090ac1f0a8796b19ff,8.114701432750932
470647470caa15468e461e105a8ecd3b25a912f0,8.073461862095
47aceb292c673f98f059ec36af314cb1c8894405,8.329557100716551
47af18d4bbc37e11d2c5130faaa8b2da3dba64ca,8.257303906383463
47b12b77df06d36f3a51ad5cc5f0dff47ddc9103,8.486413097012518
47d128f1f6010bd042dda2bcc68d710956fdb74f,9.095501500695585
47e01709f5df0b8793de34e70e8ddd9f8aa16d60,8.304315198704149
47e1eb91096f9e59b0faf185a88d41343c073d83,8.02587757070869
4875a2f817d7d08aa0437c70c33eb2c3e8c20d65,8.76988994915254
48832ca57fb72952c11805aa0975c2273273ba58,7.852616254077072
491ae8a65839fc737fb2c3e6ed06b990c7f36dea,7.999900007918384
4932174dcf0408a7eb862930c9c6be33d30825a6,8.251705835439463
49428bbbf72ee0208d581e31efb1db2dca5605f4,8.102360186875819
494ceabf1266854738ca9832b601000a8a3cde24,7.608996163364646
495933d0ca16d77c1ef1587e29f5477513109a5c,8.287134361648357
495a7aa30e85503d9a2027af83cd32af0eb7b030,8.258214476484458
49a4785cf7286dbb18206e3847f164b1af1907ed,8.064131807581102
49d11fa2e8d68ac09ecdacb94a96c95c95205ff9,8.74816606594492
49da363dc17a0db86c70a20f515608629bced9ed,7.803484349785989
4a0f49c2a5e9766ab2ea0aea95a12b763faff0a0,8.020722147188916
4a2ccd362270a02afdf8a1647576ba56a525fec8,8.157237480818145
4a8923bdd6d76861d91dce4b2670c04da6b45350,8.426229215687941
4ae698929993e35feef8c07911edb16212f5cf4d,8.030798139764421
4b09f1427ce0578515148e3300abcaf95ff3511a,7.867556154109361
4b3052a36e3e54cb3458984b0ffe5f2808445353,7.922720544518119
4b8a55e82d9825fa7440b91e638577957567752d,7.868518113354619
4bb463f3e32f05b9a1e323adc2a51603dabc75bc,8.130847967145705
4bed6361746e48435a9be358a5bbeba59696ab7d,8.642276567201243
4bee553c59acf1a22de81ef5c794c44f6371da0a,8.284080878294029
4c0740a4fccc2e15f52d77bbaceccfc1ffe309c2,8.305613674301432
4c390fed4ec7007f13b91f39d3d4d9ed101299c6,7.680659296253794
4c67cde88abaa3210919405fdb1b202dec23b08c,8.561456041940513
4cc8a421bf0c776aae86c3838ed759171d4cee50,7.444776428772672
4cd092562ee4a06eb01e8bd1e9cb7e169fc38c92,8.81028972281256
4cd7de9870e18e6ea8acbc2efb5f4fe9c051b09b,7.561413742036084
4d234ae70fe14c2d32bfa01c0ca7cefc47d68703,8.544203679906067
4d38a6fd027c342a0719d9e7d0f6bd3e820a238a,8.602442888571339
4d3eb0a9c08fa8d2fb11d00af22f7d582f106019,8.863742410460793
4d5d641551d82c1f733620b5d8ea4359ba376593,7.546172765934939
4d5f92f22244e37d20f783e571539a2d2e4e58d8,7.823665615928019
4d9d9337a0bc50984b35ecd772dee54b88ade32f,7.727201871621771
4db33a107c9a32cf80e08c941fd2c87888e8de8e,8.116201788458087
4dbe8c25b64077b21bf5cd971f115f2e32109c44,7.823821393883882
4dcdd4c95ba88786172619ebea8aad4ec757a150,8.380226171346292
4df0acd4131767bb6aec6c0eba0deedb4c246125,9.223372736497994
4df58b4a53afe49f40e1c054f9a2e8553352e254,8.16114620756851
4e1cce9ed2c3033338382d755820b85faec9a7b3,8.604216958305072
4e3603a6303b1bb5fb0ec4a0d8ec39ae3e0afe0f,8.285745114022681
4e662a9d37f64c95e5cd3e85d2d5f0d5be60d20b,7.956917693772129
4e718fe3c25329ccd0f4f138375f9099d81cd7c1,8.382529170809873
4e895c502e5446c21dfe7fd758e1336d2e66ace1,8.404776729595627
4e8a3d6c3bb0e0df7e39e93b9266737cda041fed,8.427778229371693
4ecc68ce80251f0f7ed752443a85e54028a20d08,8.315196383243096
4ef92a2d691e24dbfc22f9e0e4a6bee899ccf849,8.393910258474508
4f0784758f47badc4dc66910c529236f8a45bf3f,8.031544320259385
4f12a32bbef137a864b199061b62d35b4002e6bd,8.619097872690592
4f571f241bb2d884216b4712cdcd482e310a718a,8.179329351679009
4f7428b95565a938b2562be952beae6d6983f32e,8.621633875893357
4ff3fa101f0b4c9777b996d2e1b338a529eedb6b,7.60509363052134
501f6ef9ac0e3eaee34c2357da968672bafbff95,8.758022133327856
502430aa4e945c0273cf3a6f35b982cef7067ad1,8.45683295407236
502b640d7a4830b10924009c39b4dd34a4c600cb,8.19301091967325
503affec12fb99997f583ed73b60262572694795,8.251705835439463
5055b8d5ef881bdbac3ff865d6f97249b0aa4bbc,7.99161154702153
505fea7b24ccbd0e28b51099a1e89ee317605916,8.57879269162182
5066b74051c3f9ac880db30439338aaa8fb1c7fc,8.206462979618886
50708257bf26f0b517a6fa6acaa444d13f6006fc,7.780329140023742
50779b692cc73e3ba24df84db11b8e2bbb062591,7.653381855353678
5087b52a3ea36e6b24f13b867546d94cac05b299,7.616665431301692
508e0627871ed482bd8ab34544e43e5d856a889c,8.1168153498287
50efa6979b217c6f12b5fa0990d669c499e6d2b6,9.040648240453539
50f17ae2d9048b293cc969aa8668b365f9773f1b,7.942339726390507
50fd8f5bcd24b3b8ba8c450de77819037cfd6583,8.756159249846174
51501acd2a7cda8d6f25524e34d6e3dd3c6088ee,8.29972360669791
5160b3f7714c45d60c100dd658c543831e390713,7.579664104017279
52011a00e43fa9e527dd0b121ddd133547981b24,8.6266568074849
5217ebf6230ffeecc7da9c9043cd1e484c78509b,8.711565518295982
52292d33bf302f4cc04f07ef928db72b2736c06d,7.8079750332385665
5235e36e00b0e927e6ce9f6f771ef92915857989,8.045944648594801
529d7e5b25e40c18bb7ea49be0963ed7f3e288ea,8.454152618262285
52d6dd781d58e55171ace76bdfffe7181f5a916e,8.295645041657124
52f3954a2463ca97c884b6ad6d89f8fcc91696b0,8.391641428573422
530d2bc8c65a9815a0b2c7dcfc98866f760b433c,9.089773622830219
533bff0c4073c53de80f7b88a1ecda9ac3878893,7.927211672422363
536602cb1404169f62436284f9cdba1a7b21c7ae,8.689125585632388
5389d34e45392c6d5e8596d686b06d853e1ed696,7.967872192237645
53b56263b633c2be1e87243fd37356c924eb9a4e,7.83864742659648
541270fc6468b9399001ee5a8bfa0cd380e1db60,8.133151451935825
549b4b9f5408631f8a062a6a3b71c496646ee0fb,8.105416192190114
54d144dbc7891709d9bac5db5ee19a761a768c1f,8.142084364795211
5504396737eadc63295f751ebf765c22b35b23db,8.003687157190944
55095065546685ff2d583779d38978a2c0132ccc,8.302045426644671
55664bd6d6073e97a98788e3f319eb36662f29f8,8.09664458841548
55ef1cb9ba9a618396f8f82aefdc261d00864381,8.454361181884703
5612b36a1b2a4d596254bc506f503c7c94f82950,7.448268952483675
56925a416739348e2099293f2c91fd7c6c186d99,8.880212495424729
56a326e7e14e72020e3e0ca3f329baebc245b3f1,8.356576061165097
56b3554a4a43514e497a667b0efee344df2ed21c,9.068030861739988
56df019984fc7a155fc18b5c4ecd2f52c497693e,8.110311594953222
573b114e6e803fdee6f8c4dec2edd8fd37bbecc0,8.334062880109082
57421dc59c1514a7edc7708657e57a6439e88585,7.811401460327212
5776c4c0f98d7aadc199a8f60beab826403cf54b,7.700001140351689
57a3b9aacc40db600c87c8b2cf110418021388d1,7.7667138772547375
57a668ff1e3df5afc4e593bbbbc39e9eae0a940c,8.46493491760117
57b547211651511366a63249605b9b9f4a9c3e9c,7.994095461494969
5822ad8b0277c775adf78b39385d63e7878b1069,8.493147077439204
582e4849c0e5208206789a186892a4f7ce9c11f9,7.907546785679402
5832a6cbeea8c9e6efb82a284e135cc58f201920,8.393356775074635
58616da3cef2b76fe70a90919a689b8f38ce0030,8.028406327093693
58a95bac37747ee4fd0e321770a89477f49492a3,8.577768394311185
58ab0634383006fc63de206822832e26d4c06c3f,8.579453308070711
58dfdda4538b55efcc287512b508d9fa2638028d,7.749022042207943
58f61331a385caeed17baaf54abea308426d50fe,8.425313264174138
597484c12788a0febfb255aabf5f08df62469313,7.874913570983482
598a40125a414f949647ee201ecbe39553bedb6a,7.471419249063276
598ab55ef7a383e76268b59d877afbc86fff2178,8.262928694216495
598ceb16f7935dd1dada8de4441690df8cdc9e29,8.371970201096838
59b2a9ae92876d8ce54309fe82bb92d7cffbc794,8.374887327093576
59ee572da4b7c6d711c46542482cc65bdee55648,8.26276039784557
59f38d3a08147f85dd15c761489d7e3753cb585d,8.376896374062483
5a3141c7f984f3d6c41f632f6fb689378267bd51,8.416277395939913
5a5c99822d76f4f6f1f90521f4c1f1d5e53590a1,8.000513254974726
5a70a8f9f1dac45c7332db8230f0a8a77208507b,7.8058029556746344
5a7424ce2a160cc7bcb097b51942e1e1ce68ddb1,7.822217425906175
5a855637085d9d212518c84446e98888f0667f2e,9.015409123097141
5af239a466d0a8e17a8daf66709fded23576c37d,8.349512623031165
5b023883ac089df249ef06f7c8c4398f37e1c55d,7.815855388983368
5b0ac0ebdcb3aaed7a9a3aa2f9c11919ccce9555,8.000016917480611
5b30abfc32d4c33257f7cd949641935527dd4a42,8.541749862789372
5b49681d3b05fba0fa5978673a6d871011186bce,8.27971954077587
5b49ef6e8a438750ee1aa79f7ef846fcb7ca2005,7.906741614742968
5b7541b552024e94b0be876cdb63b69cf3f829d1,8.679076531711233
5b8aca58cb2c7cbcbb8918f50669eb821d5a7fad,7.979716628612931
5baedd7fbc5ed01efdd5a078f7b3809491ac1722,7.731392919072234
5c67cd01bb445f9b80d30f2c551d0d42776898fe,8.203226340553133
5c8d3dd9026554402b67ab061544d47532898f6f,8.18829911443894
5ca41a01a0d23780fcc2f122f7303701eb991a4e,8.480012097252708
5cc1caec2eb0968d6d30a6f95dd41d04e80c3f2c,7.940240642786583
5d2a4450b9548913c0ae383640f67de8ca10edad,8.463313436710695
5d7aa061832e40bec792c52ef42de898a5045a1b,8.799836512028142
5dc71a85b12614f2b7b995f3b9482d48f8e289e4,8.233023743514622
5e030103a9bd01aba1285730aa1bce7cc90f7bf4,8.496669437325247
5e092e334855a0d8739d53c39798bb26f3376959,8.808920208266274
5e3ff61182b7e63c5f353b54a15e95069e670f10,7.726632178312237
5e4d0a4d83e5724fd92e13da6474090be3593639,8.034758446994195
5e5064a233c1402d302af4de9a442f32c934da4f,8.167748625220323
5e6c70b4de90c2415359c22c351d8b827d22886c,7.871077564394956
5e854d8ecfe5f767abb76d3ce56b6bcf495047eb,8.846922940721251
5ea5bb39e36dd3e81ece42b2d6e19d0ed5150740,7.9541432703258
5ebe95d992ea2c39c13123c6174d22b6945291bb,8.505585435310975
5ed610bb14c3c7ebe34cf855871da13009ddf3f0,8.447308129896117
5ed8bcf8dcd1652c4a4bd0fc8197aaa54fca572b,7.975980348361093
5eebebef2194643799de3dbdbb098cffa856d37d,8.28006734787501
5eecd9dc3fe216cd45a2194e5f1a1d472a3fec56,9.182462975282393
5f8dfe6855d546a89ee51fdc47f1e3a135f1edf8,9.869096860158601
5faefa46d05d32e90b97c1cc9260bacd6c2f45de,8.522604779737717
5fbcd4642d21aaa8ade10f9e23e70012e2b4afe0,8.218676005195896
603ee97d90e36481c0c5a1cca5279c3aacfe91c6,7.731637508774566
605308a2fcb585adb29bd7cc4dc153faa8ab9702,8.370442245057358
60559a031815bb92037cb31299fdb443227a4e06,8.969357009467549
60c257442a0ef9aa6eb039f58c40be980bfe58b7,7.750941577568083
60cfc94f336b294be80a5215fcd8f9a8099011a2,7.442223950591039
60da060bd0084795a07f5e69e6884f7870822cf6,8.076446778766691
61291814d7295814cfccb336e38a08ceb9c7aba9,8.196067239428617
6154c47df672f6768571f878e472ff2808274cda,8.327478700031918
616bff7fefe77a5e5618f600b39cc1002b71867c,8.714607297516753
6199c36a1e584c7a1d0d4d20a1d98f19f9d05785,9.139810368153418
61c0c30e1af44a3ad57880bfab7a88591a434b92,7.968052094433151
61e1c151f6a90ea5a2f33930ed70e5a9f39b681f,8.27982887086511
62762af72b006f671d4b9efe867e66312408723f,8.084397535613856
6288d80ce9cf4d608eb41dc28dba194b1851dec5,8.264576901463888
629ae2687f58e75ac2bebadf8adb71b3fdbd7c11,8.126963755314506
62b127e475e6cafbc1906e6fa5cae8d7b4da3ceb,8.18492422780639
62b816d8d256303699a90dcb83b99804366a17bf,8.47729068946031
62bc28e18de640d9831303f80a4e44c352fb6170,8.429182591545093
62c35ca39326ade9737d75b21c46054e64ab67f9,7.676495778698489
62cba18268cc16143359b59ebc94adf65af340a4,8.482006546428828
62cf219990f892f13b18fb0ec1f08a2aebdae0ad,8.404691838000252
62fc0f9bb12436fd47d1b4750e4f17601ca459d5,7.32787347461337
63b684c9976d06a32dbcdc4685592cd713f9121e,8.569648545192214
63de421fb8d11a118ae783980d2e204b71e4f2d9,8.354335251824828
6405b9839b0179e5307afdb5117992033c2a9cbd,8.54756332741762
6434afe6261c6f3f4fdbad511a2db8ef090f8c07,8.12423683784656
643e211337d8d4a3d2c12ab4ba804814dd977354,8.837328191486225
6451995ad71437eece77b5677b3d5eead3b2d45c,8.177784160241998
646c8737a68c560054cc624da19920821d13990f,8.387875727544419
6475c391e6ec554f2bbe5a6460e5962a4af5ac65,8.160247868485024
647dd6aaab297d6a9328c244eec940904d58293b,8.122712331880969
648b6d4b1c95ee18825cb3cdd69c033a10f3633e,8.212024921361442
64bb0d71f782349bd0bce3ba44cf9b454bd46cfd,8.639471552652092
64c207f458782b92f681bc496f8a6763ac3b99c2,8.232564845434856
64d07438f7fbb0b4c2fece774289f09dbdf9de5f,7.5500296942765655
6501a3dcdb9e3c5904a5820607f6ee354bbe0131,8.948699923145178
653de78f41ee12882a2cbc4177fb3c4e5c3eac28,7.425670651738622
655f5a83c42ccc83c7c0ac2caa5cd8237e685751,7.704215593990873
661f15eb45462975429d17bf60fc64df4cae4431,8.554106790221308
665aee398dbb98e56d2f171ef0bee4f6fedeac43,8.568044375569745
66735c0721a73fb4dd487e32adafb82c6016e6ea,8.139351100555965
66740228a725504db879896a9c28c03676fef710,8.112077457840964
66caffe338b5140bd8ac35fd0000f867266bd08a,8.658873735222397
66f103845d668685765328530c0aa2d71a0ce0d4,8.415389253983806
67118839ce79eab31a505fa22d378ff420ce006d,7.949714420211298
67212308d026508fd5b6942ffbbdd7b0be2e89de,7.4418896962959185
6729764776215a0456ef5332c5168b4db29314b4,8.620523467812436
673ca800a97efc5b14397e331006ebe67258bf1d,8.075686621436263
67b7c9f4a952be9c0f4759e1991d86a3e1fbbe58,7.295399156455745
67d64015616b9e7f49e213890b7b93a2f8796f07,8.314215175726508
67f697ac574661dca982dcd95ba358bde5b48a8e,7.96578804697074
6881032aa20fa792984ffb15d6b043b4228c1070,9.449790073860651
68c8fbedb26cd1376389edb04626dbeb90a065a0,8.281943836929106
68f0e46e53ed6791407294aa4e797d7d17a2b677,8.31269576321938
692e213a160245cc3c07bc300b6ada19b15089e4,8.149516742710649
692e3639f044b1dedc30d8b3a870bbe922a675fb,8.37218281269606
6941ef044510999dfc8a269ea9255f7b93505147,9.081996417956987
694d92685feec07c62b8aa4ccb73b39390f88515,8.279895117830705
697092af2e2891b76d0890069566c03468f975c0,8.355535830813286
6976ed8694419b21b0f2302b6d9db629ce0412e5,8.841326685077536
6978f24f45757e6d0c3a352bf35d073d14b46c6a,9.031431517409448
69826691e86b5085226acbcace467f656b83880e,8.255919489770719
6988cfcd0c8de2ee3ceb97a74aec90558ff0e26a,8.377258650075637
69b200a293efc47d832e89333a4adff338261538,8.010620226437966
69c377ef0f1c724f59024bd4c2a7fa5d36e50432,7.215530933073411
69eda57c9ffdf6f26c5dda66863ef865d07195d2,8.053159609321376
6a24473bc7b7d3e0a711d9195d9f792a24352436,8.7344703331869
6a321021dc357c030017f099c3d1b430bb0d1b65,8.104340481821408
6a535ac087403316d625c2ed4d5108d7d2d21edb,8.279408645940338
6aea2ab4cff49df8f384b81558264c1390a8cf06,7.941635571046185
6b05f3073cf136c387ede39d4e605eefa19a4886,7.831625543665687
6b1996be827950638657d6f5a23f4ab8a5a13be5,8.312374286238587
6b8a39007e56cacf54e6520da942fdb70d8d588e,8.055004443860252
6bdbd12c28f576e6dc4242177fbf9829e65c4726,8.082742451957925
6bdf2586c97f0954e728ef8a9ac5248d4c8270c1,8.05744772776564
6c374b4a75105783a809e8b6ba468da3200d0c1a,8.389498226272261
6c468e0d90bf790fd74609738544edd3f0e5c74c,8.201674445440107
6cbee42bf7c6251711a38683e4e1d6b15533f5a5,8.744202341621229
6cd8d19ff2089fdfa9cdcd521a40b1e247c17cd1,8.722273033828651
6cecf8c09c3c7ca888a6e3fc2ede03a820c9c82b,8.387052376224524
6d7ea5662a0aadc0fee9f82c02aa5e54da77f277,8.343823552220526
6dc988c0cbd4f0ba3d2217d8b84911b6a8d81c47,8.297241138149932
6dda317baa40f25506c299715efce489b916e52d,9.003709024640987
6dff6f1ca71378339e605de17936cff49dca5486,8.314445393294575
6e849b2924dd2fc0a7efc8ef0a5f614ce2409b4f,8.814613554381744
6ec34c1674a54a0b43f8bc4570e2188a4937da15,8.485780142518692
6eca9c1b4a046e9ceb3db39e478ccaa393117c3f,7.972850655185538
6eef887d0fd74edee1667f50dce5b41efbe0a180,8.321944723967432
6f52fb961b947325347f9303798fa6066967e407,8.324230294421683
6f5b8f8813e31d5f85f814585ee37e835a6c766b,8.510221024207816
6f99a507851fb9a8ae9776ede538789cae61a22a,7.762797904718441
6f9c45656b2c3a8cd9c394c878d0ec7d738be090,7.871362800352626
6fa8cdf96032a061ee3b601ee76a28dce25f4735,8.834913531684457
6fc4ddeb8a68d05ed8084b0d59d038f3649c10d9,8.270905992467066
6fda7242d55963e0014a8741b5fdd1bd4c34019f,7.568893000740535
701f03bc7072ef7b0114a4769bc8955e5e5c9af2,7.408262126088418
70442b24f09aaf25882d54ff0ec72738c00a41df,7.956400222502004
70586c4437f01c7ae612aa151f53958ac10a412e,8.57911435883595
705c7f16ba723569db2002204ff748355ef80e75,7.763004165930056
70b721dc3c7f45470e2eee858547f0546801327b,8.205737814716882
70cd793e026c0616c0a8186a1f2c5fa6d8816b49,8.195081091602656
710b29019a8c45dfca3eec6a5a92b7d3bfc06cb9,7.788607234821535
7121c17a0f6576cafa8c7c029158ad3a81873411,7.9790366710713565
713487f0de26590bca3c759e2fef02b3a5bad9fd,8.251705835439463
713e625391a72ed8f0780919b1c3e45af56ff94b,8.265738411198402
7171736c863d464860b4e3f674d78a101f12de4d,7.611992216456731
7186e8a3fb8c0322eee7e354ed8f1669885f6774,7.332309429815418
71c2d42bc4f81d5dcabf57d19f862a3b781ebbbf,8.592975185021986
720ce5dcaede4e84cbbe7874961853e416f0d2a2,7.9500358961383455
7277ea28c0232720e23ee3ba0dcbb84a273aa53c,8.531741334730164
72a34636b5a1de1c3796e43d5abc564b4d0803e7,7.962656066887353
72d8b05bb5beafe074185bec53d1c5338009a0cf,7.929269967218488
72ea15c6a9c0f4f176da99e9dfd445b347c2e219,8.094008847535916
72ebebdb431cf5dbd216ed0c16660f40a963b082,8.397964595998198
7316452530dd2fb2eb68d1fffeebef98bb730ae0,8.137935514541478
7323f16fa1027607f3f63cedb1cf2fea83dfcf76,8.708515053245375
73351e7d3ace1ea88b52e895d6fccc2f2bee88f3,8.271763726520156
7341e1b59de6c74569853631605d1dc2d2da2e0a,7.736509236314792
737dd3b5a70f36e8bb79f4c5cf86c7ccfb1e7d55,7.891136088760643
739d06c41287f6661d2c1879f42b56d45454e815,8.158914229567243
73a272eb71cab822302a981b1748230c3ec8b8ef,8.668532683989454
73af3f8e00b50a4444bbbb431c83075dfde4cbd6,8.379431428951516
73c38d8466f153b974c09c066d1469f63b856d07,8.48636797474615
73c938c3db512a2d6b136fa924a8ed2e608b7790,8.446504725172867
73ec1e02101d9e26fb75fe8580eec218d09ba78b,7.703947073773049
73ffb966a8305f3cc46f3447459b4224128cd53b,8.760925193705699
74381df8a16f12280ebd12d45f8fff4fbcbcc4c8,8.294469374285415
746be138d650a2627e814da73cf09cfbf3127bd4,7.8369549993945204
7480543e3bc777391a4c3f06cb1c03920f6fa2a4,8.902486141885612
7494b38c6d82b590c4afa6cc975f583f51395177,8.243682749301328
749e9b42869140690bb32bb198ccab1f899cc36c,8.587310688769865
74ca49651c685988e265884821dcfe0961a1ebdf,7.437780717507584
759ad13a7de3fc28a9ab95c56d2845442528e907,8.537974661256314
75aa1fd61921d68f59be09d2146a4b2b9442f41f,7.939599330744315
75b4f05700440a54255124cf44b8ca0d4252df85,8.883226969665813
75c2aec59b46e4c6745540c0af596b8cc6db5cb5,8.105095975617557
75ef6c3aff156ef52aa846c2fc3b26271e50e335,8.211345152883673
761459daa69061bdf66d850ebf8877f0c84e48ae,7.446690253247427
76578f23a12fae71dcf7aff5aa48a7ace122f5f2,8.618646122000543
766fb145487f13f1cbb3fae79c2345c8786c1542,8.489726597773107
769df9fad97e6d153e170a9ec41e33e8410f4b6b,8.529324036191946
76a99a326da360af0510be654283819bb4717d9a,8.938239791263808
76adaa79b0d19f7d32da3bf027c2b4fb995952ec,8.284364274142174
76cd92b2caf3ba3f11f97bcf4e037fae81122578,8.199471922558473
76f5d35cd62f4c2d48632c8b82a04bed0e161226,8.439951310843377
77051baba74aab402905de65e8e0bf18e2907ca8,8.763486469337641
771f7a4ff0b16239a5f4a828485e057bd3069308,7.774215523135078
77454c216b4f9b1e291fea17f31a824ef4d0a4a6,8.18556505871869
77f0f8d9b0f3d59cd0bb01ae985a5ada6fc14dc1,8.45927420070933
7808a1989290cbf25b57bd60e74c56662eeba656,7.668592366995601
78269c872dcec789b204623749f7d1bae813fe49,7.79410728717673
7855b4de6d964e1f7477a3a40d384de9f4602f49,8.334987770973227
785b27857468f61bde60ab25c5509e8ed38155d7,8.265096397072554
787ac9013d322ae24dda40f918c05f9fe47601ca,8.100913215645882
78ca432228d8679112c09d9b3d50491c5539681a,7.80558139360202
78d8860538c6853a9c13a0c232dadcfa0d516f08,7.904903146235058
78ede02e6c03a1eb32ff3f464f4f7ae3e6510766,7.415573628375087
791e60a07f6b6776d54f791791828b1895c9b670,7.6846323649211
7953012ece7e7f5c184ec3ce99de925dc01c46ef,8.907480248532963
797a55490bd05c98e9b604b19c3ab90125c9431b,8.031297143734456
797c7c555f32a47816ca7f0c017002a2131c132a,7.818515669514818
7985b1dc9dd0dab814afa417245073d1d74f85ea,7.82695710734101
798e6393c36bd3b6dc0a9f97de7d4c87a6e5b252,7.359314095952607
79a8ea0acc62c00cbe9e6899917fdd233232ee12,8.60674705362413
79c48e970f8b0e7a0e074bf7f0a3f201737dde3c,7.67538979018107
79f071f88a5c4c3bd278b93f9f622e90e15a10f0,7.446690253247427
79fb09750bdb85310622bf240e1060ef8de8bce1,7.946643942492194
7a0e5d245539a1b2906358ad255a4375f914d37c,8.397773483407203
7a7bd043dfb44f7b90dcb37b669e89afcd79d234,7.876092044141181
7adf3466bea259fdaa24fa131ca2c4d63e9a59e6,7.977601894346231
7adf5597380b3d9048a47387095d5342a24c07da,7.621554515639419
7b27fcdea3732f654b3a3cb4ee1517e8203645a2,8.807654984416612
7b3d30b5f05d1acd3bd4979bd8e18efaafdcbc62,8.259508717193686
7b6c995004d7267af856efa19b12c7455bccdbd8,8.019878652731594
7b7d0625e7d073af7c6fa7c1df5ca43ab1232aba,7.870219712463696
7bb8bff124f651711732b84262474e1acba69082,8.344156371732806
7cac45d03854038e6854f5b1843cd491021f94bd,8.006941374599107
7d111d42f139f151fc24ddcd89c3064467ebceb8,8.214905044613001
7d9accfb703fb86e2d5f39929309e7f273b46c79,7.998574139069729
7dc6bcdd4ba4cc84cdbf70b50cb26a72cec3db1e,8.23989333952794
7dee913006479ffaff17ebed5a0b172112a0e115,8.949686686418453
7df2a39d7e572a525fc26d9633039d83b900ed61,8.295994986185747
7e4e1a800af30eb9922c09f9d751b0873e0dc467,8.101571094376224
7e585ba8095284ba4d7f920b37ee3e76ab6caa4c,8.179903951189923
7e783577c8297bd74f8f12a2d4787f9cdfdfee02,8.334853881840166
7ee4cfff4c6cd84aa82b14208a75df86bcff9fba,8.708318292556188
7eeef145cb4a17be79b2251b164bcaf5d15a4995,8.270688880423506
7f2bf222342aac2992fe15f12039b9f7123524c6,8.525869955134045
7f5f84b208b2889ece946b277eaca95d838072bd,8.379675040182681
7f8b72d92d190113dbc807befe9e8033ecdda75f,8.811302493777236
7faa61077b62629df7a5b7c828f98b2337a2dfdb,8.006054624913755
80212c0b606f5dcba043483a07f677a5455c3901,7.532170937193548
802b44166f1c38ec00397c57abdf65b7596b9f0e,8.082976122358776
806b5e171e5cd80e62cc28bc7fb644f6b50399de,7.612106566674798
80a1456c85989c36b524eb16f1afdfa2c5480121,8.613793480233154
80c6f8b8c212e86aac90ea06ba6dff1bad8b5541,8.576234009120189
80cb3c3cef8030674baa141475951b20ae73089a,8.419210832110709
80dd54e80df2e8833ebb3927fd55a514dcfe637d,8.843955354195389
80fc80505e08153a938e34945ea74064467c5e12,7.97009000055344
8142efda300bc5bd5a3368d957f2904fb41a6062,12.000911787359493
816aa6a9aceb1014260977a52d4ad600065ed4d2,8.492608183682158
816dc441871b06aa3616402b7d2635c5b77f3d8f,8.980045563130618
81f9930593d1612075b0a4831e1219e9ebbe5aac,8.690977003165541
81fbb8b81316a0ddabd7838b1b9ecfaee762f70f,8.523829491988065
81fcf2e137c8587b8663ffec7ba1d8184be705b7,7.805668670582853
820104bdd2c9a722be349ae3a23eb42926eac969,7.835242845299875
825e4001677d8644d6df773aea2f924c45d47318,7.866919694541079
82ab2a968469bfa6a3dd02ca619f80a440ff3b98,8.066266760681001
82edc69e489959e8b7453b8e3c89c11f2e3e4830,7.589991595984573
82f9404672305675b631cad221087429c078b8ea,7.71553994402429
8319f9e5000e715c176f1de5d0e33da0b25481f3,8.10596506724019
835496e3328ccd7ac2ffed3867840e1dce5da83f,7.865253369819699
83c0d2f69c3628797f0d6f343c4cd6276dc9d15e,8.156840078303182
83d335d59714648643c6ca68c522a9a37bc9d8ae,7.899229420571709
83e22c7d80399e360122a5d33f26844b8c04a6af,7.509345170895479
83e4ca230ab9b35d221d09d335850af44966b772,7.620769526394509
840d07858c03f80f4695056e2cc7d0c474b83a25,7.9715029839526075
844f5db2e7e31ae51eba025480679ed7e4708ac6,7.689483201283411
845acd04a77b3d1b623f255d9f9f8eae90892dab,7.8510718739700405
8460eaaf887a6289fb156f7562fb739ba8e9629e,8.466095029916431
8481a7f00c3d30473b01a8a3cff2564948d24902,7.726881961583549
84a17972cc6d29489bbe205a9e7feb8745726fbc,8.8366009255206
84b6b2d70924066c8345f2bc2281791ae3188da2,8.214705616934665
851d9a4b9b8e236f2d62282ddf06fae57b7d9492,8.037798814652856
8531dba6dd1818a4e3f3ba5e355e1e5ea9276afe,7.979209684361618
8554d1155712da4bc72ec5921db3227311265359,8.659914250240305
8576d2d269326a29503a1763996227723fa531a7,8.327844000048485
85838695003ef753ce13327655b84defa54d6eae,9.445515540422981
859c3b6fce7256abf5acfef957e6c04134c01e4b,8.36547968622809
85bebedd9d4605ff6823f6f25c761e64a588bf22,8.234351307604477
85bf028205803eb9b1e5494c540ddd2938606606,8.445429818394343
861075bc29124627aacce66a29c6dd835abcf3be,8.272177113924577
8674a295a4ae610ccd77b60cbaa692db6a875761,8.283057683439347
86a7e49131f2acbd350c4b0b9a2243838bd4e122,8.270313860970278
86adc493a1cc74328222a194a1d1e3adf098b5c8,8.29265208183998
86d9a98ab0225d2c2faf6d51fe3b9fad194c3ce3,8.380516262506896
87322721181928972ce2b67242f61ff23275f3dd,8.533374559115664
875e48fd13e52a01a4d48d745d72128f25b9ec81,8.617097632687543
87752697bce404c9b410be71a45e76f3c7fc9392,8.476545651620322
87b3a5eca0c70c7828168756cd7813cc8b3285bd,8.57732512983196
87ce4212940578f8ab9aaab4616b104ab515d4e9,9.03470732219851
87e4a8d6efab19e147f510e9b5d10c0d0ff5845e,8.255035788975725
88003ba023714648c4312658ad9a4b3703e56de0,7.556521524854688
88188301e8d3565c7f1e2cee1f9ab8794676216a,7.444364632898377
8819c6723e6d42ad569274ebe2ce4212fd8621c4,8.19930821902233
884afc60bb87e1f0d85311221487273fc5d13d13,8.341412264696904
8866a6da23ad8a2abfb243905e0b5e2c98e366bc,8.434627376957561
88a694a270a460f5a09e1e8c569b036d03b9b5ea,8.738543604198313
892240639d1170ec0f4bb6248ba3e9bd390ed089,8.556960972677253
89521736c16fbbd86315c3f3c555132aee8896ae,8.355171845284275
8960e95f79cd20b46b7e8fd09d0aa88015566a9a,8.69641589537065
8968e2c95fd09b05d48b4b094529d54d06bf6da5,8.287230352658424
899bf68f741b96e69c8b1d6bf22fd86e00b7c00f,8.06157683021032
89b7eb7ce1dccd4f6a7eb59017ac455cf1e57766,8.081193410021136
89cc639060f3d63cf21d893882e544497e32aeea,8.30516155076036
89cd14d1bb26c559102e9080a85ffa977cde7fda,8.252761570346758
89d4e10b3c250c027e108d10ebc00bda239e7e39,8.1070514600011
89fe8b96c04597a0fb63dca3a86e5f36e7580940,8.382828146602273
8a97d52d61d704e77f82fd7f1161d98054f48f25,8.047145823082205
8ab396fa5981adcdc777254c57ea744f1fd4cd2c,8.020222834867996
8aea6c59a11267f4143312770b4c84a2be56f353,8.726873508381972
8b158f3040b574b6d08148e24946fba8bbdc29ca,8.426317284130844
8b2735093e532de21b7aabee43b9c76278bdd5cb,8.950330872224033
8b3f8cb80815c489e6278cfc1a371b3bee3f6e1e,8.78557762572373
8b43c7696dc13421431102cb4385363ee33513e0,7.829730067124067
8b557374000feae5ac9aee7b4078bfea53176ffc,8.106048894471195
8b65dcf807a9de0c95c0896919da04523176fab8,8.137143092701617
8beffc1494bb81af08c352aea875a183e45bd824,7.982364186814914
8bf27a767fce0a5fb359059183d06e01d62dca8c,7.518509476575051
8c5d6de5fca9e769de9676c911d9e082ec1a9fb4,7.88883713830141
8c6976c873d2ab3f4af9188a4189c46a032a53d5,8.046429279166258
8cf96ad1e77c722694ef03a06a781d61d632f2c0,8.559454765597927
8d0a196c1c472a4601384f4235f293c4a341b3a9,8.406295651454837
8d14518288c33c098206996aab23c31b3eefc864,8.060901364852956
8d65a433657534866907ca34885953c36951db06,8.114041085894785
8d811d7887c2c868b631a2bd296412bde2b49bae,8.374370714031771
8d9b19c2ff7d630d2d48932f3c1d35aaa97ad51f,8.535736070841702
8dada7632816cb20f182c306ae74184ea9e056fb,8.096274055462894
8e20affd5aca29391f582b7dd756c83205297c11,7.999743317943622
8e3a076971fce919b1a5a0bc62dcef86264a1c24,8.659968650780252
8e5fc3c13f17c0502fe3f0a8404b461b46183f8a,8.41718960810845
8ee77ba42fdd6aff7a9eaa84d70064c4cb39cdc2,8.25617181777485
8ee958ba68793684a9962e1b60847d7b73d7c9d1,8.673924892502377
8ef999ab1a83c2760064ac6c7a4b6c4115c5a186,9.270217019063459
8ef9f17bb904f437ec0a9849d820ed0f86843517,8.756449728116477
8f19ffb508b23f955b93ebd99153f8ec99025785,8.514997667064877
8f7402db46b9b2a95aaa8282be9e471a3ee659ba,8.44302355847343
8fa7abd9421e396273c3571b177340434fc132f6,7.758021472527996
8fdb7157f90753735edf97fcc828b75e6a8042d6,8.061415994733546
9038ddd6c0d498cb8c65b4510e99e8527eabd40c,7.353079386551254
9081ee605de7c5e739569f3f829cba953cb918f4,8.490154327522887
908365770c09838aa1bc1874bf3915779910e775,8.337096093796434
908ccf9bf5e0e7ab597a09fa19d91b1a5563b43b,8.4028849618527
909386947a62f62c8b94ddde0b623b87c01e2524,7.9132571181443785
90d54808ce52c41418550421c387818cae759dec,8.915359312734466
911315669fafba0a06cdbf08da7cff7e81f49759,8.056360438304711
911daa5a6058823b007274f35ba038da7ec89a11,8.09608220059878
911f5eafac3def56e71836d495b740cd059edbcf,8.40694064365519
913eb5b320c3f4b475e8064303960997b0dd7a9f,7.870017955188273
9167062812b68b140da9de7f824ec6131ef31a01,8.059230521262894
917f1aba835e5d7e79fc124c1d7a3c8c2588cf8b,8.503658336898893
91ccfc470d803af51ecbb91da39db5592e3a3324,8.162328197389138
91eb4058d0937eb5499d0f6b2a8dbae6f47eddf9,8.255955536463059
91f7019ee1831ead0e667cf264dfe7be6b743f3f,8.906973841020571
920523a6f06947927c3d1b9c2c902fae6eb740a1,8.960176991148776
921b990c548efb5620585b0fe3049ed43dfda903,7.884816147056483
92213400df98f5441533511526206328cdde4159,8.491385340904499
927008a1eb1983b52fe269b504f398ca185603c3,8.305584041880484
9272bf390ef4a8e31a5285c14ec721495414c53a,7.6008404529258575
92828f67b16f5e96ddb0d436aaa6f1193104c037,8.749829909797281
92a1cd997867a6115b3d079903e63aba8dd214cf,8.022806900580782
92cea32d04d98c66af1c1366fe9811047a9b1cea,9.249615636265139
92de4c1319bb3b07781b63801e4599302764dc5f,8.267311411597827
92e2b243f8ca7bf1ce773bedf8205980f034ff05,8.119938391582561
92f51b59f25a16e76b18441fbe797a2fa2a5d3b5,8.519005863188307
934776ec5bd2147907362602555bd692fc56aab9,8.4122926392514
93635a4013ec683f217cad90ca4e41aa557c3922,7.442235485377504
93bda77bd8d32e4fa1a0549b76f807fbc22f1f7f,8.354665352294829
943f8910b7d79d76726a7c50a996a39a00fb033b,8.057639608692568
945546f9d4db4b9599e57ffd4271193406f0d96b,7.848604912484798
947a2e7cf57ae1a546f98831d861cd87c4fd5ff5,8.581512830904526
948fbf59cd52083820e8e1682a5bc2a34793997a,9.045194196614318
94ec21d59f07c2091e0359a0085fa6c569ed30c4,8.269960627230615
950671c7855e25bf4a8330768cabc430bee030c9,8.204981913278415
951b5bb9ecd6593cecd2bd72fdf62a0785bd3b3b,8.672411522635937
952c0daa0b72620df1288d516f0a2abeb5b3986d,7.590028279227448
952e48fc51ee7afbd972a8305c2f22a80ce9ce92,8.039935641548002
95c2c72faa0bcedf9452be96511b7ab488754e77,8.445899044698459
96013c7ce1186c9a18f5127959bb867243b1b9f2,8.993906826176481
962de82430c78164a7c1cceffdfe31dd0f3c3cd3,8.209160063749009
96d8f7656a57c4a757129d95863a463358a0c3ca,8.945678063985442
96ded661b95e3d4d3cf1c8d45aeae3b335224583,8.607576040369937
970dc7689a54be2108e10cf65af78d85288b64e9,7.737701111945667
97469bc8eac2e4fd57266fa9821a50561a4d8473,8.285193786530275
97983f3249349cfcb409b75d5f53e5cbab2bfa5a,8.703982886632913
979ddec134899a31461a05d820b9d6cad713715b,8.89271454201944
980a5ef7011a98b8fa55e5ac3d7ebce6f7784286,8.224579228690152
980f92c1ca3d1d662e790e884a1bafb6785dfe45,7.834074657611993
9843de5b71377fd3392db81e3178e11bbe90d95c,8.822976141266135
9871e11a3a4574e6b565733fe3e565f13d670744,8.178208656272668
987888aba1d68d84a51fcfef4131d649024e0aec,8.251705835439463
98903e3bc03971360097ad809526370f701ef5f7,8.381442157480617
98cafa82b3e7f1a3a179c62509778cf9290ca87c,8.329860175159212
9906fd2917a481b373848f6d084228f34ace63a4,7.790631190730964
99103791231143dd15aa77f2aeb87b2cd4a1c22e,7.994456356604477
9938999e257ea21c657f6c63ff386937544987aa,8.815606041308865
994f5b5cdc8a126efbb290700caf797948ac1841,8.7320736482042
99751d158308f801241e028eb7c6b0363fc6ec88,8.421442749688365
9981528e7324f2d92c27f163b5d0424a07f94b67,8.43902710162665
99935e2b7f9f41bd823ece5418896aaf72e223fc,8.608813106870105
999704c760821f39257d453f58ae57cdc5db7cee,9.069938746847793
9a20834c7ddbbf82eff849ff8e4f321b856970de,8.43258870394055
9a31bbe1021725b074357ae4668bed6eb7e46bc1,8.244068052362664
9a5d7462df7a85794cd0d7d2c510ebf725d2e13d,8.553064620502354
9a6d7a470aab3fb51ab58261637c58c239ad804f,8.571578306838944
9a7c94325cf12595e72895187822c354cd8ef458,8.297642454776872
9a8ad4a46036cc65da3ce25da0a1b9e70f979655,7.491323112284307
9aace874af47927645c48f21ffeb82f8e15f24e1,8.818502552095284
9b0622ca034d946055f8590f554fde632487742f,7.959164655744279
9b4fd6bc9be128b294d3a8590bb6a146bc503902,8.520572951179474
9b536900fbffe20f4db747af055dec68b3ddb6ab,8.259641230739117
9b6d776d82bca421eb10bc4a1f5f866af7fc2a3d,8.588547751819627
9b788cef19b68860b4cba1f072cfc4744e6610b7,7.708583524010203
9b9216e586500b4d619e331890d3745eea1176b0,8.203941932974214
9bbf52d74e4300842b27973d5e1d65a74c54c1b9,7.68846126495512
9bc8e6286b7a331de79c4c4e868b806c0b3bb12a,8.336623829923825
9c03af1da21c500de8e0a1be24e3c22d341961ca,8.122670441712154
9c4e901d499220d23e819ffe0156ef62c7bcfdbc,7.85073058927298
9c59b505cc82ae66d54df9629666137c9527e56d,8.854629810298743
9c8c8ca8e36d83954ecf380f84b01759c8363df6,7.649632807596657
9cb2a2853cd6c58a9b7d07a87ef3138c3cf723b8,7.5061609950627215
9cf17df2214b19cf4cd63df22b802afde8cb98eb,7.772147130554314
9cf5d1c0d7ddfd6b78c222e83894ca3a75ee47f2,8.242387640743818
9d053bdf589efd451ff25e1977e438b11122e0fa,7.9243313538021125
9d12b920015fc145b62c73ca689e71a362e33b35,7.819824609122617
9d46769291771df99e8061cc9c5d79aacb087210,7.919895061330182
9d549d02a71100ae95cf02deb371138097549edc,8.267272149532673
9d69c1d50467997289ee1396002cd197883a2b74,7.599093786767709
9d789185f1d5fb7bd42acd9d6dc1f5380fef1c4c,7.86760515936851
9d91374d67624389dacb4b429b8fa8c18442b29c,7.6268503181574685
9db80a153d642e12571588fd68473c6e307195df,8.57742122976606
9de51c3306c206bfeaf41f4aafc8526300a9f103,7.877679019348163
9deeecfc873e74ca5ef8b27fb6b22bf7a536ab86,8.079815282006226
9e0457ac0f2824c5e725d83bdeee91ed078343b4,10.688825590829047
9e1f7de0fe95b78cc2236adb52b0420b382b40c3,7.891189623424468
9e4c480f54169dd91629ec30917139f2b16bf6b3,8.195838164727508
9ec1ac8c3d812703485bee8d58b2a81f4edc8754,8.121391127351995
9ec591a707f8d7eaaa8b43b6faa23292511ffef3,7.95440882373046
9eef5b76500d606c0ace08b9cd3ee9403e9e9664,8.114679272762814
9f605b4802c811805adc38ae19035ded09a5e4b5,8.810359902079362
9f8f3fbc1f6d3f36859a33054203c55d028c6e65,7.713246225993634
a05a86b21a7d5922fed8c50f36d307ed7a8cc70b,8.885585391900756
a05ee87ddc674ddf01518fe125eaeec0820ea53e,7.844804147103984
a07cb417ba30c0e4d8cc3831f093740ece8be01d,8.565060931732187
a0ec1fa9ef85571c363b1ff524a7bccd583b0ee2,7.927104211620889
a10c5f4ba04fc56032719cc84184c0ad5b5f8446,7.659425074110119
a11fcd52b2df310a3f3bf8e0561a2c587005e96d,8.444549072013682
a130e19ad47a6849ba0261a7a81a8d9bb93f3a7a,8.976397866192379
a18783b2a14d61192a1b97ce3daca9e67cb8cd59,8.378209206694985
a1b60c404f7df8f6f2695982048cac298567b821,8.787927524276888
a1d026f103e45011fefbfd9ddc32eedf16edd5f8,7.976613236081475
a211065a6e065d2421b924d4e9314f1026611aa2,8.13516001846428
a22a58c5be8aa2c2700619e37f2b7a6e4efa7e6b,8.400421148194397
a244f431e70a9d4c780ac6914b564d98c04ac7ff,8.029580504601853
a24729ea6c4aab24a9d6dc73513113e8b8fcf35c,7.86700797056384
a274dc9836c18bf295e9e81afecbdd72825ea79c,7.806018671659392
a30f91cf4dd6e15b62a675de5087a6db82d61f51,8.33656600998839
a3748712b8685edb49cf966b7e662e1647503013,7.96222785527764
a3c251eb71ac7769282f383672f19d3cf66f1b04,8.449168954398317
a40402ff4c87721e74766e6751bb458653b3e686,8.187131931392878
a4a81c655f21aac65297532528cba5a28e8f5ab1,7.85231820922785
a50e88cb6830931dd1271dfc49b3497d63bd436b,8.289545080379776
a52c67c0bc1c6ae7da7c6e4d38cc7ac5a869ed39,8.05027624506667
a576ed0ff4b19b2c864b2c489227a491ac670b84,7.795119442345866
a57d3a31b965e00aa208f4d499c0b3637f759838,7.628425404502258
a57e6a1dc883554789ef6049be9b51530a7aa207,8.571772466060875
a593667aa30cd094ca66d70dbb5ee98fc64d38f0,8.093911659533545
a5aef107fcfe6b7323ead96aed8ef74a69efe042,8.30734497023506
a5b034cb2c29d312a2e5475da6174e196cfc3c1b,8.529981387307213
a5f22a73b7cb93619da1f3cbc56febec52b1c16e,8.515884443300633
a5fbdd306fbe3003283cf2cb7ae4c371c9693290,8.252242374239229
a60f543d315ec120d2f433cdccc19342c9c3be02,8.997830421247865
a62742a35ef9194f7da07e547fe13f99bb6257bd,8.006466245730715
a632e2659eb116c7514dd825ffaa8939365c71e2,7.382718197994526
a65549b33ec5839c95aa1e9c2e50f74685ad7cc5,8.116865054223734
a688299300a50fed79edb502fb02fc503a564308,7.882404164143974
a6bd1b3de6ceb8be610c33e3a0e4a89350700984,7.749651932097099
a6f3201e19df0a0fdf0a3d878d6a8d2e50eefc70,8.054140941061672
a727c00002127704e5ae41a4a08948dc43b4aefc,8.11141044599556
a7442b91887824d182c90cd82955b97a1404dc21,7.7140205465720415
a74f9942a4bf89bc51a259bdd7f5427f1ccc82f8,8.110292347859067
a75958bf7ddea02d2c0d5a300c83abfe240f3552,8.571073443635335
a76e1891c401fc5f73f6942768488b1487533472,8.30256848583063
a7e953186fda9e7bf8368e2d00a19d024f7db5c8,8.87783167126011
a819175c8808635fda7c3854536f82d90a7b31cf,8.109370271719568
a832f98e370c27f9fbc8e0caec05700a96e89a4e,7.8751628249908645
a90b8415afe8507a36e7be7511fd36f1045418b7,7.728917160213744
a94238b07de77bffd5189487ac3d56b96db7e09a,8.680583874333985
a9947ca4f64f3122a22c7827ae089d48db8fd76d,8.001749345097897
a99c3a5ba8f7e25ea61f79dd74cb89d6d8bf8a43,8.634266753896744
a99ed97ee0e4d81fc9a8a5a5baaba5407a897b84,8.012741296881591
a9ccae25b9a8738fd3ce42dfb0fc5e92ca9b8d7f,8.150001348345898
a9da415ddd0567c5995957b2239621158a4521f1,8.569526150686693
aa01429991aa756b651364d54b7b28c2bfeb6c3c,7.398938914705331
aa1696aba3e93761b292c97c68bb0e06bb2f537d,8.377720040056786
aa2166a08738eb1a62d78686cce70fc5572d0607,7.600956374705175
aa2288779d4ddfe46b3dcab170577d4f5096ab15,8.327268584584168
aa2ad4e1f1035826e6351e1e801eb57c0b494267,8.954036322966708
aa8508f6aa7e91da7efc770fc0e04c471463ffeb,8.149438059379074
aa8e2b08e043c6d844c28cb004a224615af29e90,7.76360663478461
aa953585f60c1f5711c6d5159abbcaafcc89eb77,7.970108073297942
aafa3b985fc5f4f1f6dbe50b8edc01713225dd2d,9.11539805345201
ab2a1e43f425b67817553405c41c09a9bcb0e9c4,8.125281296037087
ab4899d3252b533827ab7d15261b9edb38cf0a7a,7.942423927161296
ab4e0b5338de7292c155831c4bd68a740ae6d05f,8.244682296674325
ab7c842d24cac25a1a3852cce506ca92cb8ed428,7.504907315078827
aba3f0810ff4abb82c285780965735f59dffc070,8.5146030182243
abae080e558fbbcf25131d47ef3dbea697548f14,8.20867778899953
abf736b0441172883ba772951733e73d557598ab,8.43614818853801
ac018ab3a6242492006b3ca1e0c508abd1761538,8.393238403271399
ac164aef8492a4d178d0704b602f0522512dd913,8.853586896130555
ac6104bfab84b79b7ff1f01c576e2b7442988f38,8.70375944522971
ac6522ed2e2b8a808bb80970ccffcb6572183349,8.588667085784518
ac7569c6eb788ec3ca408850d164b68f73bb148b,8.298775842690965
accf49bc7124b7fdffea9e75a869a597c4e8adce,7.647937914864745
ad03c4fb44da8b106e362ef8c65fe2bf34a385d1,8.814903578540083
ad3d8c094d5606a8005bb22a4cf910e497a03224,7.8714058384428744
ad57f4feb3cdcdfbb77d4ccd074d9ca50227661d,9.005334419486621
ad77e6368d86e38cbf14a33770ca16b204522863,8.341152524203855
adc3882c435a390c34d34279b5528215928944df,8.131053616326438
adcfbf9c58d92335f9b971f6a9afd19d9feab214,8.34535294177755
add17ba1901ea9804a604aeed6ebe191d784785d,7.947313181582491
add21f371c1ade0e82ccdacf7ce016dc151a6968,8.559279860279997
add7a23a1b66010154da076a059216a13b90191a,8.543377630289916
addfbcc77f77c6c80cc3e55261cec181722e68cb,7.670691155081735
adf4cd4036fe7649e15bbc8379f224685017b379,7.895037152121139
ae75c8309bea2f4a1b1624ce50d0994d5b4dc451,8.787122825281994
ae7e6756887c7c2d0e3d26bb83045d298dcb5ddd,7.950664882319931
ae84ba8c1585fe80b8d2cc991a9cc4af2921a2a2,8.545316444489984
aeae992591ef4a9423528eb6029301cbd29daff5,7.666432879425311
aef76b2d6bbd67cf3aac958965862b263c50d4e6,8.064121499880388
af124b723c6d0d777c60479978e8da661b34bc2a,8.48801417208693
af12f06588c971f6425a28d61e4511bafff05bb7,7.808866664997999
af618fc07f8f8c9e1697d7e8ce5cea9dd4ddee00,8.724187335065634
af744dfd0234f2b89d667f962f13cff1b5d0c9e0,8.28677741242167
af8cb88c604c245257dfd33607bcb87cd357d3c9,7.7711116314597595
af99c21153a5cd9289febb0cc7d1f8cbee810621,7.70861902771612
afc376cc4bc5460a941a5d21f91d19f159cdf490,7.960093880550954
b002ea316ac314e47c6aceffd6583bd300962387,7.936361092896011
b03084cbf44b7fc100db518a5ff7ef7e9924c260,8.905582585029617
b041f9ef5ab6da232256530cf8e22c31ac99971d,8.574047501619084
b0718e2faa64ff947c0ba9e9516616b44c8f4a5d,7.529594275202938
b0f303b4bc78b12a467c465db3b050425eadbf64,7.7587315146273195
b1179b71e93f6ccfe9702cc342e53c5c04d2cf60,8.081366280361475
b11bdeda44addd99b9b0cdc016fcd27262b51fdb,7.967523023900308
b11c7371190aaf26293afea3ba2146f21205f73f,7.908564619333679
b152244728671db447c59ab0796fac9a423e1356,8.170279550449429
b1e8855867b91eadecefd05a09f101799008b8c7,8.473701189354252
b25340984452108c2928e20f412866a7dbf4646c,8.671851779392009
b27862a2f9590331f29ffdc8f3648dec2a7a7d30,8.135056067013197
b2a46e3625d075ff330baf8e18019e1af424bc62,7.9529689756130155
b2b334fbcfc12bdf6bba8dc45aa8ade3ddb746aa,7.612835364858482
b2c520e7e4ea03898e0b8204fea068149d5535c8,8.164263827320246
b392a38d92631885c3b63500548976ac63518da7,7.859106865899099
b3946c98c388b721854634038fbd1820a7ff046d,7.227278663048765
b3f68ef83acd623f98f4a03fc633905fb2a5b027,8.756302225090584
b459886eb6e03f683c364b338a5c2f4776391dbc,8.958210886527322
b45e8d507778dab56f381a681c453cbf4d3b4050,7.927284028836281
b4742d304d9cd4891aac3cedf5905676e9fcc9d5,8.263111535468633
b51687ca4edcbe2376bc3204617227bceb0a52c0,8.261622567472354
b51b95c923fbe5e4f47342faa554cacb44477016,7.853194388695271
b52028ddeb0e0289019154f32e763393f83a30a9,8.27970491769857
b56069b7f468c9cb3ff1ed8830af52d4e2fe60c0,7.765466583762358
b6535907c852434b9243df7a0e65f04d688d049f,9.295466323028288
b68533a39390311fdd9ca8baced33145784eb561,7.891412706006085
b6cb94c201726bd4e4dcadc007dba2c69933e0c1,8.19076159605942
b6de7562a3dfc6522d1d9f86967f5159e3f2f090,8.384991748539301
b6e252e4989b3b422d69eae06831ad0bfd396126,7.96079758840934
b7047722486e995e27292b5ab1945d72ab5a3708,8.067140797969154
b722e6209f2858faf0bf80947cadcbde586bb666,8.16642477027169
b7289b3b24fd67017ed82f62a889b4c9a0fb5ba4,7.772879021507787
b7297bd49e99532695b6290f29fac82928f9e03d,8.621310810349035
b7298b0fe50443a623af9b56792b330c2d052845,8.706759405656591
b729f209cdcbb802e5f6f16fd902793131660968,7.698542124443506
b72f0fecebc0120609eb4643631055b2e7a31fd7,8.694898518488515
b75c5320a2ce606e7c46d1f82723e1e461f37a68,7.867646796794956
b7931b60e23916058a5767895b9214dac7a6515e,8.597262863279886
b7ea6b3de19afe8e98d52228dfcc3f3027f18891,8.168775955993194
b80a4c674f6640d304722f4a92eb9b47345f1258,8.116710513401761
b8b78832d415b2137aaa400ec638ca3828510a71,8.800325142542652
b8e898c506ad360ead5d4fafe6651fadfed6645a,8.072712523961144
b9cfcb9ade5f88679b72a7977c50eaca7170206b,8.118129901924542
b9db6bc5ded963759b9a1db58adbaad3314169d6,8.407750696075977
ba0b274a12a5891f98da7f012d4c757aeb822917,8.411045263393467
ba12c0a2cb367af0467e479c03507c71a805d291,8.666720416888529
ba37558e4c84bdb5486d1b3622b0ac7ed3d5222d,8.976933090806499
baa9b5294556d31b066df7e0dd8b1b0b1a8bb9f2,8.68500148913081
baae1f7bd8567b6f9e220cc863c92124fa71e1fe,8.516127534345104
baccf806cbacabe5f3a91ecd093cf36b4db436a6,7.748257056105978
badea8134ecf83e912ac6628ec12465e227c1e6a,8.307647515094652
badf8b0a0c342afb7e1eecc4fb19feb7ed28e180,8.057269224352568
baf05c058d7a427783ab9bde33f38d55ae8ac0cb,8.033359360372652
bb603e54f5809d802fec4c70df7b2c29a5125a89,8.76037618361086
bb6bcc05d3ef04c14c73ce93dad8c9ea60f5297b,7.90443352187602
bb81a7f88631b987cd15c8d539e806ad17a5b664,8.160771627741914
bba75421c48ff666a96646bd283072492fc712ea,8.19628297471647
bbaeaab91cec9991b4747c8ca3fba0981bf68ad5,7.406187210610755
bbb7c8095658b847103c47aa2a4b55440b0e9ffe,9.23998834161639
bbf7f2c725fe4c3e0eb56d29707437d1603b1c56,7.623100507405826
bc1f0dc5b937d54fa64e44c1e4e0de0e5a4724c1,8.285889527062825
bc54069a859b02cf1b00e7ab77d68132f9021c8e,8.448855702439783
bc8caaa2729aa0c9179e8d66388586a4a8586f20,9.323821796459438
bca16481f37f3534abb04344ef1855b0e56140e3,8.267374824549755
bd18fefd95851483c8aab15987fec421f92523fb,8.36632643492608
bd53f29596985f567c39329a8f8da5100810f0fd,7.594982206281206
bd81b591d06c4a726078a831c11516d6ee27541d,8.041224593832395
bd9bd34617afb5bf1f3ff27e575c4df427ac32dc,8.48355502676238
bda97a680a69285ab84aefb75abb53676e7f6b55,7.895951652202385
bdc3fba009b4d570355de5bfedfb6766746789ce,8.284827370762516
bdcfd5ee015db872058dc442ab9d3c72518366ff,8.146340748103217
bdefe60060197430834e27ee0ecc1d775f5e2b89,8.556264385508724
be40efffa2a2ea77d3d2fb0cf1f8dd6a8da2b287,8.051673061766051
be6f4f4f657c80883591c6749a7951f9c992e4b9,8.563375305342337
be7b5a55c3a0343bda6a2a6ad09c5cfe8714b27f,8.247859639519687
bec0491f541a76e4fa31e17842bc573c812cb528,7.739187879830793
bf22fb15bf51bc4bcf3d50f7494caad62a596d0e,9.138691338824705
bf9e4a55173e6e65b88bbf4f18744ea043b07ed6,8.35752262946399
bfb055d2c2ba396d5e6bd6022719b3ade1cd1407,9.135737109430355
bfe7f84ef78bc0134134fcb799465996fa84e4b0,8.402041246841794
c001ef5d0a98bae288e504e13db2f1d4533021f5,11.46808597171444
c047e3345530b4b4634715536ac54cec9c756b66,11.207014269662277
c072621681c71501470509aeb1c51e3f9f98df5e,7.478771413253037
c084f1399d2813131b70acb3920068a454cea6d5,8.020594261112393
c096fc1d9c0ad8efae9cfd509f75522c50603692,8.418029442834563
c0986547994c0c40ee739f045a02e1ce427ec132,8.314361232141282
c0b8f55536e05f6da91c3b65ddfb69dc8daa12e9,8.461224379401623
c0c13857d74703fa66da743d1d670bc2b9957f7b,8.84036489521141
c0d3079f5b83f8962c439707b96c7ee43be2ca18,8.231017225332938
c1287b2f156f6963bdda82942a95288967e9422b,7.547246166261304
c13d9b5245d8fc600da9390192908048857599ea,8.589522947768849
c15e04639eb35379bc74fd289f38b1c9d21e2278,8.046488046170502
c162ce77f4002856b569f63b1e2b58ccd6d961e2,8.46992235660816
c195c2ea359350b81a96211ccb40d03fb0501e7d,7.764640949799183
c20545cf079fcd100052faf6db21ee865023525f,8.130857303370332
c21b13edbab3d247c8816a374ebb57ef71700952,8.34921837221298
c2660985c0dbf52fe68f7d3620fffa6ff8f2794f,8.092825393630672
c28a837bbc21a0b6ea686c34b12a7e6badbc9140,8.013663064276717
c2ac862e74879f4b60191f0bb1397eff1e157c8b,8.103089885452482
c2ca84eba451533cc357b9c82cdc4c59227ee38d,7.927746027534867
c2da78b847fbfac6920b3c5a2086c79b3a2db8f7,8.570523434482386
c2dc9b42636e453c1ad8e7a5e490654d39dc303b,8.111224558178186
c308727c618e21c478dba676bcea9d040d179f99,8.354627685753432
c3127c3c92a3d510a78a5248b4e7fac50ab81e0b,8.364511515136094
c32840e4bedac9715b49ce3f04b3dedb98007cfe,7.446690253247427
c352dbabae85680f4ce4ebf67886666ce47edade,7.91466145119956
c3635fc4a7b4545fc6df8dcad81f86d1e08c66cc,7.8450214892474905
c399382ea2553528d9b44a9aa6492cee7cf0b5c0,8.669414529327714
c3bf932c28538beb5024e80bd06e09c44661c8f7,7.591390890059425
c3e73d0362e2b21fae6edfcf518063e8a28b7b63,8.156314023281805
c3fdd44aeb469416e4895afe4040e54eebc23db5,7.981043323080812
c41c79391cd0c8816cebc9a0b4ef1fcc5c2e4018,8.395225249975992
c4504ac02ad7e7e0c9ea3a1d78601374e483fc30,7.997856665571137
c45bf22121eaa2f37dfec2f58729d22394ea220a,8.336827776228079
c484db51bb8e5e6218578a71ca541b135c2aa1ff,8.46494198357624
c4dc23da121e0654017198804449e35b2e9c2027,7.4466438360506695
c4f595ca17b4c13287b0beec0dbd45d0e356055b,7.446690253247427
c52befc118a44669cbf7912b419dfc433c1c0eee,8.108667476003204
c52fc84d8cd2335788c472ff6fa6b3aaaa8f2252,8.056038183701117
c5b963fdd21435b56c4cf55f49d652d92fc83093,8.423734548541582
c5d903eea354607809419b5e23c869ea16626a59,8.627348765559844
c60be70309789b39355dc612f36e37090ccad5dc,8.149756851017186
c667e08eaa5cf47dba38ac81da9c185659db42c2,8.301726459034441
c670d2529bab25c82fc7c3757cb11e7f2e404de8,8.234981082961946
c67df30ae6cf151f19df3e36d15f0361619ed47a,7.885433504943699
c69dcaf9e10f52b187b13e678f9fe65505167720,8.344938203982439
c6b1b85455fc8ae7de258ff95875644d77f55254,8.237933847817478
c6e9fd605b75a5090b1879635a6db8da08b8a600,8.242895643945245
c746678029d2139e7658a0f94e98bbf09f258673,8.285887241854512
c757c72ff79910b22c548daf9067d6a682bdbb4b,8.768595172710933
c787e77b224890e7fdcc8e2ca0c0577657d98581,8.03455319379533
c8332f72a4f6049ef2f28e4a0fcbde9d142c8591,8.196264647921655
c846650d2b1b4a07f67e13c5aa56c15185f81f15,8.746104673828924
c87d4a1dca2349d1fbdff1c6d6a57708c1df793e,8.23882883267896
c8944ded19113906cf130904726028c5c1a11138,8.681980143232286
c8a8565f00553a00a5d510958dc8c40a4a477783,8.338907935663952
c8bd30152ccbeebb18f9b1fedac0869f845980df,8.406327511138548
c8d7193cba58a3bf26ba18f4ba5728c56ddcd4a3,8.363179353592214
c8ea10d959a7c782b45e6e83040472d432fa448f,7.965509670141773
c9c6d1fdb1bc64d7137f0fb7050e334cbb7c0f6e,9.813422737281844
c9c9df2ea1ddcc10cc57d4e1d92b2f8b33d94538,8.494960506679451
c9d7b86399869ced995a6e467a257c3915339562,8.442958169560061
ca01f93cb3384006f7af5de96bc25f924ad8bd14,8.650750827517987
ca3bb5c80bd96ba545e0a42232c6fcdb55f7106a,8.189844799710835
ca6829e71c271976a4eeae12cbba5e49f232da3e,7.7159910203622
ca84b66fa8d2c26e91bcd21dea081bb062e51711,8.386738046762492
cac291a9658d7ef15e1ef0c71b188d96eec19ad0,7.433575287947244
cb0f9c7be617b2bd18ae83ee9e85b621cabda67c,8.399005328363819
cb16d181d96fc8c94f8416437c059b5f0aabded1,8.247197386787414
cb713a14e9dcf23999265a8826e204beb646626b,7.5472627893457656
cb72cf616f3cafed458ef94be529c172bbcc5277,8.30965145210253
cb7cbbf59876001661704aca5fa8d70467f514a6,9.129801338554469
cbb7db3eb5270179fe8ebb9e73dde2c894c9a971,8.117036302282864
cc1f8f78f5ef5237c717194b38699b168c265513,8.0249242590867
cc431fffd568a0d46d302233b4d71bd216fa94f3,7.856683767032451
cc818564efabc759f8cfd2e978029ff6125406cf,7.7870227300457415
cc8edf9c827fef5ead4c85eabf96ca7033ddf165,7.5435663779337085
ccc7600e812ec5b6e75a9b4e2b04f00a48d1a9dd,8.079518445265917
cd1c8085cc77aaebd3c527b4ecae7e9150ce0d77,8.307696469994434
cd2b912e4a3d661cd4f500287d3bf1b4f444b7bd,7.542528303786541
cd2cc30c2a3c6b967fc897beaeae9d3482163a21,8.380164061043251
cd32daa7c1ff3ed117a127c9c185c1b53a396138,8.314741912529122
cd6862158d54e5c270e8d4bed99f73f32a721e14,8.1768852995504
cdea6ad7a63edbcba925717a8c64328c255a0450,9.140514899181321
cdfb7ea46096b2a49dd710ef5dfe7bb354cda15a,8.315386868092487
ce201bf315598feafcad345a663284bc266862c0,8.217228482016544
ce2f2072bf32af4582a24726936af34f88225213,8.752931485536676
ce3ad9b28ad26a494e6a196c110ca405402f3e9b,8.837412809542707
ce56b4a23981e6c9f70e87f087bc1be07fdf25cd,8.18118184172985
ce5a9a38579b80879f4de53eaab2d0083b685d62,7.996395337538639
ce892387ba13c6b526d18de003b62c1bfe4c125f,8.349168293483864
cee203ff00aaca3eaaef780ea6c4a68a3f8fd2fa,8.047652098681755
cee41e969faac5fdd054a726b10fb09228eb7061,7.6117756640332646
cf4bc843e5bd6ba302b1289af66f383b0329d6bf,8.09726928236603
cf5422ab2f6793f4d5930d2901e652ed7dadac9d,7.983992633219621
cf6788dceae33f7826997b7fa99b5189cff1aa4d,8.477915323979435
cf84076c807f395016eaee41297162276781b963,8.529464650231345
cf8a26a2ce3ac2cfd81a1050e73bdc7a4cd225e0,7.377475554506102
cfe62afe7795494a49cfaa46bdf17c38a3c0d284,8.268715414485975
cfe97f961ec4d2fc578ef0aaf87f52c54a9aa181,7.975033082891485
cff1765d7a97d3f012a354586ccfd49fdaf6aa44,8.094650071784846
d023d3790457d12ac59581326aff1a396b206d09,8.460646215908787
d0561a58b05777ad43db1e0627d8770d37c48d5e,8.116487719481054
d06025e3b7e91bb8718335f7328466206060faee,8.147766740730203
d08b1608a634fda68fd097f278ce9fd4ac24046a,8.172835927721634
d0d3472fa981f90d8e6d036dea4bb627c73b6592,8.37005157538087
d0f28e44db91cce7caff1db428643300dfb3392f,8.787718209189027
d11774bd10cd517b1cde216ca391e76efaf59b44,8.995417194879172
d11e42daac68288eea95d8923771a326e667b520,8.585218406697614
d13ea487552242f9c688d613dab06ea5b8a867a1,8.335411423982947
d1e238d8cc58ceae3359c94b2a4a976a975fc9ac,8.706267077191068
d20b8e96e5c520827768fe614961d0534c6f2680,8.804529784389063
d2491eb9351f861cdcd439fd5d73883a6d681d6a,7.8399416067773915
d28c344507f89c41df926794e0d5a96d10349014,8.33109883169571
d2a2d2ee79d993c9821f176d9a248223ee59b3c7,7.9882492354075225
d2ef78c03149ddfd267005d0dcd248adcc227e02,8.169556405836023
d37f552ad5c3e1e1c3fc9aebbea6cf50e1b9f334,8.101967786010109
d3de05492e2353a5f3a80b5ea37a6de4651923fe,9.748691848723556
d4707fc4aa22e29062e02639a1b8c9f7ba3e6b65,7.847173072000429
d4a08e7df54afbd81401faf2e0349e88ed7fc2d9,7.967558829771697
d4a5c57c98a9d8e16b1dd93042d22cc422772b0d,7.780921230565104
d4ca57e34b4e28a3a0c73339e0c72db036894d3a,7.853771009824117
d5155526fe2b5c2b956687b34d478647ef6bd092,8.20751930259954
d5179819718a325ee33fa2096f37995ea6cfea8c,8.10874697058876
d525d6edf4b0c6362ddaa4814c3930a6a62bdc99,8.214820103282355
d57eca033aa6388430166086ed3d0390ffefa85d,8.479296548287229
d5841f944022e9ef49bf6ac9b5546dd82ab2784f,7.6362369039327245
d5cc23d9ca216f0f8c6e5ada7c4e3284a3920958,7.763600982570761
d5e3e0d1ec5eae8e2fc08b9c3607cc766be6dffe,8.260242111250527
d615e34b407b1816d1ae062d56a466c1d17b68ae,8.022225357481483
d6515d627895751c832a3075053719da2f5e6cef,7.731494995302343
d66918b05a4d978f6aa15979c85902d09babc898,7.609978041924658
d66c55f4502b462e88d4529dd6b4d167fd42d165,8.146044397788467
d68718e7e9140ca136bf5e39efd7c122632ebba2,8.457996033899349
d69d2c6bc916b8d054bd50f4270a1c6d8cca1426,9.12107971246663
d6f54f87ad964bd1cea20ffceea962f8b6236da3,8.997451549354524
d73a15bdcce722312152f547cec67e8dd584a6a8,8.308767123281456
d7a319cabc8e30b748e2beca44fc575fc83197d3,8.284389440636113
d7af1840c8914a381ffae4617c33ab76833d9513,7.807154277676622
d84468682013517fdcb3506ee81783dcbdf3bad4,8.295072436706985
d8550edf3efaf335a9648aec7584ab6acb55cf30,8.512240471536042
d8ad4586476ab6240c0ec83f3c12cd4cc7a8f622,9.034692632982448
d8cb6954aff8cc17b05a205c949f36b46493eb8b,8.131909802598678
d8cc02c7b6d2478b9f6d47664272c43801d6d9a9,8.348688482910795
d92840812393583b0f053de80ecee59f5b19bc03,8.916473966118394
d94808bbe3e5b3ffc39c8d68e0eed70929c70762,8.028256015628415
d982afe8253215b9a75464a85bb061d5d5f7975a,7.85558741212265
da37e77368c2bd5a7a9792749fd6ed83e05e2515,7.8417163140375585
da7fa747f59ca321b48b414b2f884d027bc961f8,7.803342376679269
dace1e5b88ac51d7bd53523ad70f8d5d188b9368,7.933245763407324
dade8cdd2806e1efa138e68d984abd0ab1c87ced,7.970523873223789
dafd07b7aab7dad9894cee44cad55efc89255614,8.432745089429721
db4c010c135d84c00fee816a085360bca2537594,8.190400037299531
db5924e7ed00c9136308999827d50dbcecae5091,8.002436539647993
db7c4fbff4eaf7b21678b8b053a0c3dcd74dd2b1,8.458175342537968
dbb0e3f3c32292438fbd39684d9f1ad153bba64a,8.066228268725608
dbc27d6c8a04413d73a885a7b2c2d8db605504fe,7.761465394561192
dc5325f05ad384cacb2431acfa1f398913151afb,8.068029706850526
dc87f8c4ae8953d2d0bcaf1a08239547d77cdee8,8.296885488758184
dcf7777f614c11ed45f8ff82f2c44d7dd15889af,8.447238385537023
dd98462b95687767f50edcdc4758ff5237c0bcff,8.804569697595072
ddc549a4ced606b9181bc2e6e0bb75824fc20f70,8.767795035524045
ddffb03cf0301334f5a2f89626640fa8812bde5c,8.230727444153251
de163edff457321dc540b375c7b316c7f9fe73cf,8.960793057402654
dea33f83f3cd94f54f1063a0cd22eab07ec8d3cd,8.304163846622034
defaf0c38d68f9958bd180e1a709f130a999b2e6,8.63330459123707
df15664e980175f8ee9ea6687b81c59f3139406f,8.934592602855528
df17da01944f34b2a6b59e8d45407c1297f9834a,8.200442698469466
df1a661311bcb75b3b3c258c46ab75819bd6d249,8.409065779344443
df42fc345b50f42b32dc5f9df420978b1cda663d,8.577692146379686
df8fb59599b421d91967aa7d053fa72e91e4f6fb,8.700949079973238
df90d9da415c30c25a16e21ca85638577961e81b,8.167147213146633
df9e2c6cfb6035fa5b26af3b101bacf64e95e913,8.685046957327417
dfc34f90e58f60b101c824e10d74b8ad0c46a2cf,7.980640442578854
dfdeea1cf0b4fb6c906a25d99aa5756efe14c996,9.076088419972223
e036815d3a8d88224e7e8a95c64ca031dd5b205f,8.072869044861557
e04a53abed6db648ac01e162aad84ef8b608365b,8.490094033575277
e07c3edba3602b0d172c2db763539dfa9819027c,8.388833505737162
e0850b1bd8f8de58096da128ec94efbdf5f05ca8,9.030963013461275
e105dc9d8869af3a83704a5d048424441ce4ad01,7.553288755276563
e13e39c815ec66160db3c75b7331dc1a0dd1d4ce,8.354992742935991
e15002a49ed03188f18c7a791c458c19d1ec973a,8.46557733835655
e1d3226bcfad8043e69d31f3d76e719c7f041d3e,8.67961787061799
e20abeea371227f8a6318491ca3c0211afbdc1a1,8.454047919342905
e25991f3bf474e9b542b09aef2407a78f3ffc61d,7.518241773241836
e2670654203c6b5aa850edf95ea9e293939963fd,9.165208036965877
e299749491b5a979701f0dedd4467ed53aaf7c7c,8.951892028366474
e2d88e3ad6275b7eca2bff120e467f9158b29fc5,8.244195894317459
e2ed5ffddf1e60198f9f138810f84b7107ca0561,8.014751158102307
e3919de46ecd1f707451dad4a1ac88e5b7403f11,7.764947742208811
e3b9460f9a4bd3f4a5243f388246084f41e0dab2,8.37163013415774
e3c9abe5680cb3851ac38d00a01c46f58b6aaaeb,7.959100327811045
e40337a34c269120bffcc76e69700d06f6d716ce,8.119495010250223
e45204eccdaf94faa580c54b1fe1289c97b1f56c,7.6841291059249155
e460fd665c3f541f48ac4503abf2e90b9bbb3b94,8.01492595580097
e4935a868e50ec1951f892af50e2f5886c935919,7.7221020250009484
e58eaf39ea458008043bd1472f267706524f1fc2,7.451761476194678
e594aa5283c8b2076ece870504b4b6b2e9c29ca9,8.362500164145024
e621f4d6991a537e4508648aa4c3fc278091ec1d,9.018209577838906
e63a9cdc387a31ea563ecc24b20eb824a8c54ebb,8.733080711007458
e659bb37740950badc7fac606f227ba5f74fa866,8.111322736614095
e65a627881df5d3e0bfad77c56221d858da5ead0,8.086264429652433
e67fff49031a4f2699f10d6a2dd89b4cafc70323,7.590618080154778
e6900f649459ddbd9ee38b93582378162c8d77ac,8.268602662276605
e73e06dbdc983d0a3ccccdf754b85603dd0818e7,8.352737859934834
e7b94e593e93b6fe31083393cff1d63ca2142b64,8.134902589610645
e7cef9ca74dbf2dc906e3216004a1b5e6a96e241,8.00324626696582
e7d0678e66dad824da63837b53bb0bb38a571f42,7.501293631675381
e816ed48800359bfd078c1444a40e00be6fbb5bf,8.037377572214575
e8335df6f0ac481c6ac16096889c51cb95ab2f6c,9.150392717412936
e85a79ca1bb1f59951efb5c25e40e0ee73985cdb,7.9224326248963965
e85a95e2eddbdafe7db54351ce3680933e09d0a3,8.041322314858384
e873b044ecba72370076d7fe198eeaad94bef3a1,7.403156100568706
e89a4f1825ece62064e95e63475769011258af36,8.642015730653673
e90cd427d5e229999107e56e3f06953f3108635a,8.118793733031213
e92f3d3e5a00b7767c239cac14b6d9fe92d5ef9b,8.426818567657252
e95d7442ab6fb642a8c3529ef2fc8aa25a774e13,8.92868874253042
e99d4fb3ef87d5e201da3b08841541fd953af089,8.26424101004517
e9a8e1a87eb55c0dc1787fcaed22be98d9cc1ed0,8.385470544758247
ea0a8f0b0b712337c3740e6ad5293f3dc47db568,7.935308890171043
ea2f8736bbf1d859fb5b46f848db37f421181bd4,7.77412972133315
ea385e57f5d3d6841a6997dd7af680e135928bca,8.165901876406208
ea55b410ce0e38664c6597e4bfa09fce84399461,7.7263145769771215
ea7332c6a62cada8a8e85200ddb71fed941ce876,8.163394214321507
ea79d40b446a3660b4d0b01e53fc4a14bc18f60e,7.619985867846202
ea8f19a7914d05412dc4159108d93d42a675e2e8,8.442845441120998
eaad1484ffa24b01432fa3564a8635bda0b4c34c,8.11640930150539
eadbb37222d32232022838b7765dea96bf38e0f6,8.024031390684073
eaf60b6a377c720fa7a13f97831f38531047a217,8.629180524768948
eaffaa19471bbf9bba8fa5808dd0904474089ae7,9.257771333954313
eb001120a0f842e5bbfd786652695628bd65090c,8.693398302959116
eb2a090421ba380ba6c0a8119510e031bc4e55ea,9.03613279689127
eb451c65ea210bed6af798282c2c6205c79f71fd,8.410761775496514
eb46bad8df84ccc42fb7bc9cc3a218247777367e,7.763269257537164
eb7470e41cb0d50314e9755be518f55b093a4975,8.772222535217278
eb83b2280e41f55da33ed81e62d7b8ebba9a93f8,8.286247047362192
eb870373b64f0be961f503936f7a725fca60fb32,8.280487756651262
ebdfeac0c48444c5f4fd377145b2d97e12c78cac,8.397637914937542
ebe0702c8a0d906044fbc61cf18d3f8dc9aacef9,8.50147003668687
ec62a3c21a4a116991338ac88863dff35157a1a7,7.797930697571011
ec7d2ce8cce8253208e8d0ae74991b46ce2eadf0,8.131954791156014
ecd66b9bbdcc6ae1eb9a6b765868cba3601730b6,8.393093426995927
ece9b75bda9d53b5a67f7bb53b5635a3df017020,7.910234351439149
ed3e0c98995edeee0b0a55fe15929a82097e93fe,8.528587540749736
ed6c052a16794cf2376b1497c505b438e9af69b6,8.396637665370308
ed8ffb58d172827f17d1abead83d9b8c44b554df,7.2489278561927915
ed9eaeb6a707f50154024b24d7efcb874a9795dd,8.090251443229043
eda32ee9ebe79ae7f85927db19cadc6199752dfd,8.177184786025911
edc5737211dd036ad81985e117aea3ab9cbc030a,8.097540884141903
edc641c842df448a70ce315e00b6dd4461a260a9,8.235943674772972
edcb11b4746d7b8056929a37a11e81b0fe3202c9,8.246785565262675
edd78ffaa7bc16d94ee6908b98b3d9863f492c89,8.543206927705961
ededd47b1e0c18d4af4ad2b0cc21eebcb7c6e6b9,8.241896760772429
ee30201b0b1261fcb6cf010787990ec87343d300,8.251705835439463
eee2c3c453eb64f9c327f09e83be35ef36528101,7.802093649089531
ef02ce9a2a904477907fe9135cdcbf1652180d31,7.798909879262768
ef070fa973803bec505aeb6230acdd7a917e2a59,8.229849976555377
ef5d4cc5cd7a9d46f3e31572d97bd52423bae4e0,7.942712748075595
efcf2fbf26e74d0af378d96a168c8cdc05c42a84,8.555322492502517
f01795183fd859bc35b074c06fd58b5e6623fb03,7.801520536854113
f01bb96987327c1dfec6ddbc980cfd85650f20d6,8.692184816733192
f037357014544261767c6ab5b172b246b09d3ddb,7.966928978324826
f05838da14ca1dad97a5cc0c58323c6df9153257,8.47135253021329
f0be3049c99eb84be5aae5352c2f0ccf661e1f43,8.21900460638035
f0cbea39c26f2cf588e04885ddc1a439564bd782,8.018344598058718
f0d74f349e6479eaecf425634f8b0dd51e60d60c,8.46709391671506
f126cb73dbad037e40b322f82b6f40e92a15a595,7.792175235313539
f1299639d65fd743440958354f22154e171500d0,8.366688674074986
f1302a0b13ef669e0d797c1d4106355cc43f7144,8.469286585814872
f156718d3970030deec27298f56fc78a00c00f5a,7.949707425036207
f18c98fe93f825e2c01296bad47dc072ff70eef1,8.380340000662947
f1fb0a22c3c46fe87eaf8bdd97d80ed51436f782,8.322500369291655
f2418c1ba0f63cb975e6d8c26ce4a145b11ad924,7.454637544828357
f2c6f4d1250f2570b4dc5edfa7d0952ec4b7194f,7.973393553942927
f2d54f193cc71d429fd5803b2e4721d012afe568,8.62890008301903
f2efe01b5b7d2613529468857009a02a3cc820b6,7.630312344622832
f35248e9e95942a05313dda4f3a677705d8c651b,8.310482522051966
f38238ea1bfa182b81a7d73d563b61dbf2825754,7.550839025334303
f382c8f54d9fc494b6d8cc0751f694f0acbddca2,8.64845597829742
f3a603f5ad05ee8b8374af6523467f1ee058959e,8.717617872004688
f3a7769633f8060ffee4a0295c55ec9be084e3c0,8.83972848930487
f3d6d22e76fc586bffc4f5ac1d73f096f03efa0f,8.066252476548394
f408354e704d901dac2f283fc8242d2787ee4813,8.418984719997452
f42621bb38f167d2de3d662cbe897f5fd1234aa3,8.321916095324374
f4367a0ab2083a66a5fa812df89e590d3fd3b5a8,7.906946470443446
f440f5463ae218aef17a60e9f2ffc7dbbc45dc54,8.20214400003935
f459440c7a99294ca9763f332cd9aa09b0c280d6,7.779075333747388
f492b1eb37bae60ab4597c161e7b67d9cc9e4dc6,7.537623336366584
f4984561cc406867aa796356b6bf10a2091e67fe,8.253087830327765
f4a045088bd0003226023c10214248049d9da90f,7.442235485377504
f4c3f24024c2e96ed13a845b5ad7213143844d9f,8.161928249254593
f4d9301713b16c13c174f19e18d0200175494a79,9.05121865687769
f5674c61e82766371ddd913c99e6b70414f4dd55,7.67312897950812
f59fe9b15a7762aa5ffb0653396da3f4f2536553,9.052684692388773
f5a2b63a98287f49a07f6101717dd4c1048b9903,7.97404827558199
f5ede5df58c2ea59be6b8c8097659bb8c2e9d0e9,8.463345061733612
f639cf4aa4008b2bf51b274cc01dede03666150e,8.044422204463984
f679eb92d1581b842e213a6d2a8a74a0b9ede984,7.4540230217050825
f6c974c003c063735fb1afcba0aec50acdb89861,8.080833728908706
f6f5b15522aa9457158ec6d7a16caaacd6cbee42,8.287670302748522
f77371745c51f549f9a641110e52f255aaed0f10,8.356848022817552
f78599d53dcb621a631b8dbc0feb5dd63e2aedd3,7.64949180505169
f7875ec1207504a229cd9b5ca132437c6bdd6a4d,8.464471538278392
f7b65fa8dfbc07f71d9e206d1e1fd35b986cab65,7.91544413038039
f7ce1b89f61b8a40a961d7fee02ea31d4b27583a,8.463130797154093
f7d331120e9b3a15cf4a0028849bf050846d5d6a,7.917373495847832
f7e7c21b753521a3f4eb226d9c69d71214e183bd,8.323688920895862
f8526194e3d9450a847706ea1c474c9e1a65a3a4,7.653435603195081
f861873a2af44519d0c30b7b390257e28084c360,7.669422533743384
f86b9fba1d59be7c864d4f23d0c7674113a27cab,9.418671171698897
f8da0aad0792d4f2d30881abdbfd4029dc264842,7.960912652065423
f90fb4df43d85aad3ae9602aea19fdb4f47de984,8.313048954795963
f91758fe4f441cd4b7b053a03252b4c50f3d4737,8.652518953508853
f91b376092344f19705df8873d25aa4a34bafce6,8.559584809859375
f92e3ec921384713419dca56d1fe2be1d51f1b54,8.507984682180028
f944b947ec651ccf64807b644af38c6f04229bb7,8.088735703159161
f947938c0e7c1345a488d9f17a74331ca6f478dc,8.5677350925642
f9491b0ab4aee90c428545e0e315a3af1f827595,9.058628066614476
f94ac320b67f53eb86a68cf30fcced221092e7fa,7.42082110270332
f97b1dbd007f20fea2e262e62433e01ae91da602,7.4850619089240915
f9e06c04dc036b01f65e7f71a9201922f201dade,9.405966145466158
f9f4d4ef2a3de006bd037db9eb160ab8e51c79f2,9.346789166276409
faab34a8374299678ccf4eaa3628cdba3b65bfa6,8.123086480441321
fab22b3c9fd685c26953a5ffe073c4aa2a788c7a,7.951094917750147
fb0a2834f5f131005e12dc1962056623ee6a7188,8.06786761594177
fbf5d7997f35a05b4f296b7b70b08866c13db856,8.091962212516865
fc4d0cb084cf3b98bbe820a9fc36fd437940969e,8.085824345216574
fc83d8b4ec86934a2daa128311afedeb0ca5fd50,8.679594904247628
fcd6e54df612c033e7a465155046b5223ca4eee3,8.265907189634296
fcdf51cf37b314ebc57038046b859b3172117f4f,8.260490825373049
fd29d68d81bf469540c56ab7074ad748cd72203c,7.66629150677053
fe31861a03511f91760de27adfb8803e8ad321b8,7.808442257707701
fe4316169ee8c83567ebc52bc629912ff65f14b6,8.10012008627012
fe516d090eef192c93197ed87878da0e23908140,8.655356989353553
fe659e147194c97b69278c8effb4041297398009,8.145752327391545
feb8a2859a011c59efd22ed419cb69288fe03627,7.735272927628704
fef4a3263ed9a8ab14d457694bb8fd86ccd98312,8.69768255711687
ff12d6e2ab80696ed8e22fbe5497e96c68d29076,9.043967190699327
ff3fa2ec64294f37ae968159f810ebeda7966c51,7.765436800483872
ffe872165621d735a48bb5db0c71dd5195cba359,8.941186455652893
