student,TH
0134f9f410c65ad0e8c2254a7e9288670e02a183,6.1846025880497395
035f97702f2c01d26ab1fae8f39ea2f98a0caa3c,6.327116689730297
06024da8147b5cf6105beb4c403f67cf1ff0aea1,6.3319003447338655
0aaebc88f6106684d6993c156104c1ef36cf94e0,6.875785915309946
0bf111a9caedf02804f6991792490e63bc21058a,8.252832003449235
0d815307d5307124d148bbebfb41497230c4bd15,7.28907992643636
0eb93817d6eb3d5bd3e44dbc75971eea193b924f,7.168591760873843
12887fd9a4df4ba9b88a71f3fb1d2502a75995dd,7.291779979880657
137ffd846ed245676a14f1d5e8676a4ef646182b,6.2681253308791804
138c5848f009c004f0b8e2379316d5ec18332ff8,5.131152402017098
209d7c77e7a150b6990a3372f7cb24da0c0e7e07,7.433921548679585
2383a9a33025aa8759fee9a890f6420df0fc8b47,6.182437429033595
248ff20c10b7d18c30fc84ce214936f5bb440e6e,6.411254465251351
2855b4b4d03c37c94117e615a25e0e321ec8d77a,6.811580742424503
2fa311a94bc0da6d97955730d071ad6fcc770bfd,7.195598817745715
326a025b5c23347b9eb2c5ceae75a5908a461f69,6.470419095077234
339fff79c43561c995b29972a962ccec846c599f,6.845190916075313
36dbfe4759f861ee72011812df2178cbbfd736a1,6.78330713935672
39713cf2db02601e4bd6360ba70f8013c0433f48,5.868552714047472
3d4f612148056feeb651f4711c1f640f5015101a,2.6176702769030173
410357eb9129023509cfaf8d38be61c050bb3b05,5.143152232140526
4dcdd4c95ba88786172619ebea8aad4ec757a150,7.251729225326683
4df58b4a53afe49f40e1c054f9a2e8553352e254,6.4032146305485025
4f571f241bb2d884216b4712cdcd482e310a718a,6.4450116119275
508e0627871ed482bd8ab34544e43e5d856a889c,6.526784271457963
50f17ae2d9048b293cc969aa8668b365f9773f1b,5.666514462701843
5235e36e00b0e927e6ce9f6f771ef92915857989,6.088886626799091
529d7e5b25e40c18bb7ea49be0963ed7f3e288ea,7.363920931943122
541270fc6468b9399001ee5a8bfa0cd380e1db60,5.828429264645372
549b4b9f5408631f8a062a6a3b71c496646ee0fb,6.449805024645972
55ef1cb9ba9a618396f8f82aefdc261d00864381,6.987627919565135
59b2a9ae92876d8ce54309fe82bb92d7cffbc794,6.362961842480268
5b023883ac089df249ef06f7c8c4398f37e1c55d,5.249163659998272
5c67cd01bb445f9b80d30f2c551d0d42776898fe,6.361647857381217
61c0c30e1af44a3ad57880bfab7a88591a434b92,6.142560901722615
6434afe6261c6f3f4fdbad511a2db8ef090f8c07,5.222554734913696
67212308d026508fd5b6942ffbbdd7b0be2e89de,4.4561729849146
67f697ac574661dca982dcd95ba358bde5b48a8e,6.064054429938928
7186e8a3fb8c0322eee7e354ed8f1669885f6774,5.176287210539358
72a34636b5a1de1c3796e43d5abc564b4d0803e7,6.3045121923271665
737dd3b5a70f36e8bb79f4c5cf86c7ccfb1e7d55,6.547696079482877
73c38d8466f153b974c09c066d1469f63b856d07,7.629023849889487
73ec1e02101d9e26fb75fe8580eec218d09ba78b,3.485472367361981
7494b38c6d82b590c4afa6cc975f583f51395177,6.590747799518049
75ef6c3aff156ef52aa846c2fc3b26271e50e335,6.6768778812760265
797c7c555f32a47816ca7f0c017002a2131c132a,5.868384158288134
798e6393c36bd3b6dc0a9f97de7d4c87a6e5b252,3.9503967774356714
79fb09750bdb85310622bf240e1060ef8de8bce1,6.051572451166752
84a17972cc6d29489bbe205a9e7feb8745726fbc,7.821783186504687
84b6b2d70924066c8345f2bc2281791ae3188da2,6.833381928443015
851d9a4b9b8e236f2d62282ddf06fae57b7d9492,7.47978563212886
8531dba6dd1818a4e3f3ba5e355e1e5ea9276afe,7.454820848465083
8554d1155712da4bc72ec5921db3227311265359,8.76371979995436
8576d2d269326a29503a1763996227723fa531a7,7.731533774622267
85838695003ef753ce13327655b84defa54d6eae,9.245743759187349
859c3b6fce7256abf5acfef957e6c04134c01e4b,7.178123042074201
85bebedd9d4605ff6823f6f25c761e64a588bf22,7.244178706138103
85bf028205803eb9b1e5494c540ddd2938606606,7.685668943162615
861075bc29124627aacce66a29c6dd835abcf3be,6.920495902663207
8674a295a4ae610ccd77b60cbaa692db6a875761,7.72090162409663
86a7e49131f2acbd350c4b0b9a2243838bd4e122,7.244761741889265
86adc493a1cc74328222a194a1d1e3adf098b5c8,6.723192982352845
86d9a98ab0225d2c2faf6d51fe3b9fad194c3ce3,6.347701692868595
87322721181928972ce2b67242f61ff23275f3dd,8.16094309772728
875e48fd13e52a01a4d48d745d72128f25b9ec81,8.441097696618405
87752697bce404c9b410be71a45e76f3c7fc9392,7.3416356866248105
87b3a5eca0c70c7828168756cd7813cc8b3285bd,7.769288317986625
87ce4212940578f8ab9aaab4616b104ab515d4e9,9.09726606171776
87e4a8d6efab19e147f510e9b5d10c0d0ff5845e,6.753671906344874
88003ba023714648c4312658ad9a4b3703e56de0,6.880334621594679
88188301e8d3565c7f1e2cee1f9ab8794676216a,6.578071132350109
8819c6723e6d42ad569274ebe2ce4212fd8621c4,7.8762564217199165
884afc60bb87e1f0d85311221487273fc5d13d13,7.153066678265232
8866a6da23ad8a2abfb243905e0b5e2c98e366bc,7.486553299796487
88a694a270a460f5a09e1e8c569b036d03b9b5ea,8.322182463771385
892240639d1170ec0f4bb6248ba3e9bd390ed089,7.6940918883171845
89521736c16fbbd86315c3f3c555132aee8896ae,6.835854586644232
8960e95f79cd20b46b7e8fd09d0aa88015566a9a,8.120443420595175
8968e2c95fd09b05d48b4b094529d54d06bf6da5,7.295008048631791
899bf68f741b96e69c8b1d6bf22fd86e00b7c00f,7.033319223378506
89b7eb7ce1dccd4f6a7eb59017ac455cf1e57766,7.044133220741307
89cc639060f3d63cf21d893882e544497e32aeea,7.06262266168332
89cd14d1bb26c559102e9080a85ffa977cde7fda,6.279435902967392
89d4e10b3c250c027e108d10ebc00bda239e7e39,7.072438353106188
89fe8b96c04597a0fb63dca3a86e5f36e7580940,7.423140470835754
8a97d52d61d704e77f82fd7f1161d98054f48f25,6.596238500607807
8ab396fa5981adcdc777254c57ea744f1fd4cd2c,8.714698791773946
8aea6c59a11267f4143312770b4c84a2be56f353,7.8206198535014195
8b158f3040b574b6d08148e24946fba8bbdc29ca,7.217923495959091
8b2735093e532de21b7aabee43b9c76278bdd5cb,8.750180240631913
8b3f8cb80815c489e6278cfc1a371b3bee3f6e1e,8.260815815391375
8b43c7696dc13421431102cb4385363ee33513e0,6.871671774499318
8b557374000feae5ac9aee7b4078bfea53176ffc,6.435344438701495
8b65dcf807a9de0c95c0896919da04523176fab8,6.481017092409194
8beffc1494bb81af08c352aea875a183e45bd824,7.980761216035533
8bf27a767fce0a5fb359059183d06e01d62dca8c,5.2838198925073545
8c5d6de5fca9e769de9676c911d9e082ec1a9fb4,5.214453281657124
8c6976c873d2ab3f4af9188a4189c46a032a53d5,7.599906009071714
8cf96ad1e77c722694ef03a06a781d61d632f2c0,8.821503882408303
8d0a196c1c472a4601384f4235f293c4a341b3a9,7.368554129829508
8d14518288c33c098206996aab23c31b3eefc864,6.192020008355349
8d65a433657534866907ca34885953c36951db06,6.485265631062019
8d811d7887c2c868b631a2bd296412bde2b49bae,7.514312749014332
8d9b19c2ff7d630d2d48932f3c1d35aaa97ad51f,8.12100005746339
8dada7632816cb20f182c306ae74184ea9e056fb,7.118611557354948
8e20affd5aca29391f582b7dd756c83205297c11,7.4660266779345665
8e3a076971fce919b1a5a0bc62dcef86264a1c24,8.45409990606929
8e5fc3c13f17c0502fe3f0a8404b461b46183f8a,7.872600604165882
8ee77ba42fdd6aff7a9eaa84d70064c4cb39cdc2,6.262395797922788
8ee958ba68793684a9962e1b60847d7b73d7c9d1,8.075379883492802
8ef999ab1a83c2760064ac6c7a4b6c4115c5a186,13.06158932512542
8ef9f17bb904f437ec0a9849d820ed0f86843517,8.045354921119344
8f19ffb508b23f955b93ebd99153f8ec99025785,7.0541590706679385
8f7402db46b9b2a95aaa8282be9e471a3ee659ba,7.351368714020537
8fa7abd9421e396273c3571b177340434fc132f6,5.809049212703614
8fdb7157f90753735edf97fcc828b75e6a8042d6,6.595999782730108
9038ddd6c0d498cb8c65b4510e99e8527eabd40c,7.290781620858382
9081ee605de7c5e739569f3f829cba953cb918f4,7.081694034851641
908365770c09838aa1bc1874bf3915779910e775,7.578110768976535
908ccf9bf5e0e7ab597a09fa19d91b1a5563b43b,7.00486776575947
909386947a62f62c8b94ddde0b623b87c01e2524,6.027351097731399
90d54808ce52c41418550421c387818cae759dec,8.902995393197154
911315669fafba0a06cdbf08da7cff7e81f49759,7.3011526663439295
911daa5a6058823b007274f35ba038da7ec89a11,7.214789016715823
911f5eafac3def56e71836d495b740cd059edbcf,8.152084776669156
913eb5b320c3f4b475e8064303960997b0dd7a9f,6.0455233972459546
9167062812b68b140da9de7f824ec6131ef31a01,6.590448229661066
917f1aba835e5d7e79fc124c1d7a3c8c2588cf8b,8.130066377447415
91ccfc470d803af51ecbb91da39db5592e3a3324,8.960811751452008
91eb4058d0937eb5499d0f6b2a8dbae6f47eddf9,6.196805865754264
91f7019ee1831ead0e667cf264dfe7be6b743f3f,8.580346941849527
920523a6f06947927c3d1b9c2c902fae6eb740a1,8.3345657670181
921b990c548efb5620585b0fe3049ed43dfda903,6.3694562533662396
92213400df98f5441533511526206328cdde4159,7.251148134008962
927008a1eb1983b52fe269b504f398ca185603c3,6.940826906078391
9272bf390ef4a8e31a5285c14ec721495414c53a,6.810729658016551
92828f67b16f5e96ddb0d436aaa6f1193104c037,8.117899476985796
92a1cd997867a6115b3d079903e63aba8dd214cf,7.865948133426225
92cea32d04d98c66af1c1366fe9811047a9b1cea,10.814004178837656
92de4c1319bb3b07781b63801e4599302764dc5f,6.965999870366205
92e2b243f8ca7bf1ce773bedf8205980f034ff05,7.044577283598084
92f51b59f25a16e76b18441fbe797a2fa2a5d3b5,8.529225713235885
934776ec5bd2147907362602555bd692fc56aab9,8.150750088357421
93635a4013ec683f217cad90ca4e41aa557c3922,3.1512699682615075
93bda77bd8d32e4fa1a0549b76f807fbc22f1f7f,6.938555812769627
943f8910b7d79d76726a7c50a996a39a00fb033b,6.260767284919789
945546f9d4db4b9599e57ffd4271193406f0d96b,5.890836182184528
947a2e7cf57ae1a546f98831d861cd87c4fd5ff5,7.55230992412288
948fbf59cd52083820e8e1682a5bc2a34793997a,9.357378993381113
94ec21d59f07c2091e0359a0085fa6c569ed30c4,7.22126930545594
950671c7855e25bf4a8330768cabc430bee030c9,7.509030108464899
951b5bb9ecd6593cecd2bd72fdf62a0785bd3b3b,9.235246563997467
952c0daa0b72620df1288d516f0a2abeb5b3986d,5.356323021921593
952e48fc51ee7afbd972a8305c2f22a80ce9ce92,6.988614492465981
95c2c72faa0bcedf9452be96511b7ab488754e77,7.668786311561574
96013c7ce1186c9a18f5127959bb867243b1b9f2,8.7700916947855
962de82430c78164a7c1cceffdfe31dd0f3c3cd3,6.864858849341398
96d8f7656a57c4a757129d95863a463358a0c3ca,7.992056006090922
96ded661b95e3d4d3cf1c8d45aeae3b335224583,8.329941863051019
970dc7689a54be2108e10cf65af78d85288b64e9,7.87641391372703
97469bc8eac2e4fd57266fa9821a50561a4d8473,7.899253225094231
97983f3249349cfcb409b75d5f53e5cbab2bfa5a,7.954556666481896
979ddec134899a31461a05d820b9d6cad713715b,7.202595531959252
980a5ef7011a98b8fa55e5ac3d7ebce6f7784286,6.950162966807219
980f92c1ca3d1d662e790e884a1bafb6785dfe45,6.753186609715426
9843de5b71377fd3392db81e3178e11bbe90d95c,8.153268936156628
9871e11a3a4574e6b565733fe3e565f13d670744,6.971724473307574
987888aba1d68d84a51fcfef4131d649024e0aec,5.225499537593927
98903e3bc03971360097ad809526370f701ef5f7,7.424287964481825
98cafa82b3e7f1a3a179c62509778cf9290ca87c,6.97260145294406
9906fd2917a481b373848f6d084228f34ace63a4,6.473948621920686
99103791231143dd15aa77f2aeb87b2cd4a1c22e,6.692409056709396
9938999e257ea21c657f6c63ff386937544987aa,7.84363756151034
994f5b5cdc8a126efbb290700caf797948ac1841,7.8425653294668365
99751d158308f801241e028eb7c6b0363fc6ec88,7.347841346994228
9981528e7324f2d92c27f163b5d0424a07f94b67,7.283272078237893
99935e2b7f9f41bd823ece5418896aaf72e223fc,7.942898055078594
999704c760821f39257d453f58ae57cdc5db7cee,9.406576861463167
9a20834c7ddbbf82eff849ff8e4f321b856970de,7.653522029523081
9a31bbe1021725b074357ae4668bed6eb7e46bc1,6.961273083826479
9a5d7462df7a85794cd0d7d2c510ebf725d2e13d,8.030522834019337
9a6d7a470aab3fb51ab58261637c58c239ad804f,9.57811748664867
9a7c94325cf12595e72895187822c354cd8ef458,6.8339895053972715
9a8ad4a46036cc65da3ce25da0a1b9e70f979655,5.475805517894555
9aace874af47927645c48f21ffeb82f8e15f24e1,9.065635905900821
9b0622ca034d946055f8590f554fde632487742f,7.661134495182834
9b4fd6bc9be128b294d3a8590bb6a146bc503902,7.49829295980139
9b536900fbffe20f4db747af055dec68b3ddb6ab,4.683796190983532
9b6d776d82bca421eb10bc4a1f5f866af7fc2a3d,8.270319974519868
9b788cef19b68860b4cba1f072cfc4744e6610b7,6.219222585019631
9b9216e586500b4d619e331890d3745eea1176b0,7.31777692132124
9bbf52d74e4300842b27973d5e1d65a74c54c1b9,5.278374150696119
9bc8e6286b7a331de79c4c4e868b806c0b3bb12a,8.879578095791967
9c03af1da21c500de8e0a1be24e3c22d341961ca,5.608217481649629
9c4e901d499220d23e819ffe0156ef62c7bcfdbc,6.789635136416513
9c59b505cc82ae66d54df9629666137c9527e56d,8.543037152213987
9c8c8ca8e36d83954ecf380f84b01759c8363df6,6.04853572644607
9cb2a2853cd6c58a9b7d07a87ef3138c3cf723b8,7.247773384806242
9cf17df2214b19cf4cd63df22b802afde8cb98eb,7.731477823926508
9cf5d1c0d7ddfd6b78c222e83894ca3a75ee47f2,7.029999622882161
9d053bdf589efd451ff25e1977e438b11122e0fa,6.968531151985763
9d12b920015fc145b62c73ca689e71a362e33b35,6.227219296720187
9d46769291771df99e8061cc9c5d79aacb087210,6.248408295460265
9d549d02a71100ae95cf02deb371138097549edc,7.754006181273001
9d69c1d50467997289ee1396002cd197883a2b74,3.9598638153331653
9d789185f1d5fb7bd42acd9d6dc1f5380fef1c4c,7.124590848763443
9d91374d67624389dacb4b429b8fa8c18442b29c,6.183333303253004
9db80a153d642e12571588fd68473c6e307195df,8.56764876032653
9de51c3306c206bfeaf41f4aafc8526300a9f103,8.371431744295567
9deeecfc873e74ca5ef8b27fb6b22bf7a536ab86,6.364103848128472
9e0457ac0f2824c5e725d83bdeee91ed078343b4,10.853778512032354
9e1f7de0fe95b78cc2236adb52b0420b382b40c3,6.209468893671433
9e4c480f54169dd91629ec30917139f2b16bf6b3,7.475656185685713
9ec1ac8c3d812703485bee8d58b2a81f4edc8754,6.527028544528462
9ec591a707f8d7eaaa8b43b6faa23292511ffef3,6.95905377740664
9eef5b76500d606c0ace08b9cd3ee9403e9e9664,6.19333772955608
9f605b4802c811805adc38ae19035ded09a5e4b5,7.676909760134334
9f8f3fbc1f6d3f36859a33054203c55d028c6e65,6.5768013992993275
a05a86b21a7d5922fed8c50f36d307ed7a8cc70b,8.239513712602095
a05ee87ddc674ddf01518fe125eaeec0820ea53e,6.087533727464567
a07cb417ba30c0e4d8cc3831f093740ece8be01d,7.928332370790127
a0ec1fa9ef85571c363b1ff524a7bccd583b0ee2,5.990141720617551
a10c5f4ba04fc56032719cc84184c0ad5b5f8446,6.336765684024318
a11fcd52b2df310a3f3bf8e0561a2c587005e96d,7.582840811069977
a130e19ad47a6849ba0261a7a81a8d9bb93f3a7a,8.733140032832392
a18783b2a14d61192a1b97ce3daca9e67cb8cd59,7.684982291296218
a1b60c404f7df8f6f2695982048cac298567b821,7.581466405599939
a1d026f103e45011fefbfd9ddc32eedf16edd5f8,6.499333997408576
a211065a6e065d2421b924d4e9314f1026611aa2,6.436560248505859
a22a58c5be8aa2c2700619e37f2b7a6e4efa7e6b,8.520451862745139
a244f431e70a9d4c780ac6914b564d98c04ac7ff,6.414047902537478
a24729ea6c4aab24a9d6dc73513113e8b8fcf35c,6.174669902821244
a274dc9836c18bf295e9e81afecbdd72825ea79c,5.950982887810223
a30f91cf4dd6e15b62a675de5087a6db82d61f51,7.817336093653024
a3748712b8685edb49cf966b7e662e1647503013,4.080617995154315
a3c251eb71ac7769282f383672f19d3cf66f1b04,7.5202023797460855
a40402ff4c87721e74766e6751bb458653b3e686,7.058682163038451
a4a81c655f21aac65297532528cba5a28e8f5ab1,6.7942870460277485
a50e88cb6830931dd1271dfc49b3497d63bd436b,7.49309842383699
a52c67c0bc1c6ae7da7c6e4d38cc7ac5a869ed39,7.226955465444426
a576ed0ff4b19b2c864b2c489227a491ac670b84,4.988386618032141
a57d3a31b965e00aa208f4d499c0b3637f759838,6.060653462008913
a57e6a1dc883554789ef6049be9b51530a7aa207,7.49460406470185
a593667aa30cd094ca66d70dbb5ee98fc64d38f0,6.00698474764161
a5aef107fcfe6b7323ead96aed8ef74a69efe042,8.080571638895496
a5b034cb2c29d312a2e5475da6174e196cfc3c1b,8.294706021242026
a5f22a73b7cb93619da1f3cbc56febec52b1c16e,6.966281511551542
a5fbdd306fbe3003283cf2cb7ae4c371c9693290,7.742293799795029
a60f543d315ec120d2f433cdccc19342c9c3be02,8.326267499624754
a62742a35ef9194f7da07e547fe13f99bb6257bd,6.737810594038411
a632e2659eb116c7514dd825ffaa8939365c71e2,6.048822224861321
a65549b33ec5839c95aa1e9c2e50f74685ad7cc5,6.223658393580113
a688299300a50fed79edb502fb02fc503a564308,6.708077752873541
a6bd1b3de6ceb8be610c33e3a0e4a89350700984,5.387006227294035
a6f3201e19df0a0fdf0a3d878d6a8d2e50eefc70,6.5950659548155395
a727c00002127704e5ae41a4a08948dc43b4aefc,6.991181016534028
a7442b91887824d182c90cd82955b97a1404dc21,6.661850736309343
a74f9942a4bf89bc51a259bdd7f5427f1ccc82f8,7.656031878988063
a75958bf7ddea02d2c0d5a300c83abfe240f3552,10.882631245879985
a76e1891c401fc5f73f6942768488b1487533472,7.839362436965654
a7e953186fda9e7bf8368e2d00a19d024f7db5c8,8.640107483886574
a819175c8808635fda7c3854536f82d90a7b31cf,6.542676612153593
a832f98e370c27f9fbc8e0caec05700a96e89a4e,6.240992909548689
a90b8415afe8507a36e7be7511fd36f1045418b7,4.6000733494882144
a94238b07de77bffd5189487ac3d56b96db7e09a,7.798267865547327
a9947ca4f64f3122a22c7827ae089d48db8fd76d,6.20070650728677
a99c3a5ba8f7e25ea61f79dd74cb89d6d8bf8a43,8.108186745502675
a99ed97ee0e4d81fc9a8a5a5baaba5407a897b84,6.097491799767592
a9ccae25b9a8738fd3ce42dfb0fc5e92ca9b8d7f,7.46141798672146
a9da415ddd0567c5995957b2239621158a4521f1,9.185227263710072
aa01429991aa756b651364d54b7b28c2bfeb6c3c,6.154147008864538
aa1696aba3e93761b292c97c68bb0e06bb2f537d,7.57242660007608
aa2166a08738eb1a62d78686cce70fc5572d0607,6.852025222539062
aa2288779d4ddfe46b3dcab170577d4f5096ab15,5.374828406328254
aa2ad4e1f1035826e6351e1e801eb57c0b494267,8.190632624739505
aa8508f6aa7e91da7efc770fc0e04c471463ffeb,6.036133525037874
aa8e2b08e043c6d844c28cb004a224615af29e90,6.673903769237108
aa953585f60c1f5711c6d5159abbcaafcc89eb77,7.189908918693462
aafa3b985fc5f4f1f6dbe50b8edc01713225dd2d,8.617434243928074
ab2a1e43f425b67817553405c41c09a9bcb0e9c4,7.4455226872453295
ab4899d3252b533827ab7d15261b9edb38cf0a7a,7.518601763125282
ab4e0b5338de7292c155831c4bd68a740ae6d05f,5.886657014903031
ab7c842d24cac25a1a3852cce506ca92cb8ed428,6.05512517207967
aba3f0810ff4abb82c285780965735f59dffc070,8.232596860286865
abae080e558fbbcf25131d47ef3dbea697548f14,7.907780392330982
abf736b0441172883ba772951733e73d557598ab,7.2544481431151775
ac018ab3a6242492006b3ca1e0c508abd1761538,7.839791509943729
ac164aef8492a4d178d0704b602f0522512dd913,8.307216755305848
ac6104bfab84b79b7ff1f01c576e2b7442988f38,7.789687425715314
ac6522ed2e2b8a808bb80970ccffcb6572183349,8.2853181552883
ac7569c6eb788ec3ca408850d164b68f73bb148b,6.94308573963815
accf49bc7124b7fdffea9e75a869a597c4e8adce,5.4184913376668655
ad03c4fb44da8b106e362ef8c65fe2bf34a385d1,7.997436388370005
ad3d8c094d5606a8005bb22a4cf910e497a03224,6.4357241457530305
ad57f4feb3cdcdfbb77d4ccd074d9ca50227661d,8.71807001187327
ad77e6368d86e38cbf14a33770ca16b204522863,8.347791009114747
adc3882c435a390c34d34279b5528215928944df,8.466548698070122
adcfbf9c58d92335f9b971f6a9afd19d9feab214,7.651370746443397
add17ba1901ea9804a604aeed6ebe191d784785d,6.17523369759473
add21f371c1ade0e82ccdacf7ce016dc151a6968,7.584322107545202
add7a23a1b66010154da076a059216a13b90191a,7.035036225588126
addfbcc77f77c6c80cc3e55261cec181722e68cb,6.790855538173982
adf4cd4036fe7649e15bbc8379f224685017b379,5.858286162363858
ae75c8309bea2f4a1b1624ce50d0994d5b4dc451,8.600510717284497
ae7e6756887c7c2d0e3d26bb83045d298dcb5ddd,8.1488797416332
ae84ba8c1585fe80b8d2cc991a9cc4af2921a2a2,8.136040822213378
aeae992591ef4a9423528eb6029301cbd29daff5,5.626284851576598
aef76b2d6bbd67cf3aac958965862b263c50d4e6,7.311413739728303
af124b723c6d0d777c60479978e8da661b34bc2a,8.389678590956162
af12f06588c971f6425a28d61e4511bafff05bb7,7.4345854395421505
af618fc07f8f8c9e1697d7e8ce5cea9dd4ddee00,8.33129912709742
af744dfd0234f2b89d667f962f13cff1b5d0c9e0,7.769682655486141
af8cb88c604c245257dfd33607bcb87cd357d3c9,5.4971317515720965
af99c21153a5cd9289febb0cc7d1f8cbee810621,5.022250909729548
afc376cc4bc5460a941a5d21f91d19f159cdf490,6.651499476970424
b002ea316ac314e47c6aceffd6583bd300962387,7.886307273053708
b03084cbf44b7fc100db518a5ff7ef7e9924c260,8.672353223572758
b041f9ef5ab6da232256530cf8e22c31ac99971d,9.376939419970554
b0718e2faa64ff947c0ba9e9516616b44c8f4a5d,6.600139120256508
b0f303b4bc78b12a467c465db3b050425eadbf64,7.18314196041447
b1179b71e93f6ccfe9702cc342e53c5c04d2cf60,7.198934346193463
b11bdeda44addd99b9b0cdc016fcd27262b51fdb,7.110849542667788
b11c7371190aaf26293afea3ba2146f21205f73f,6.484369112896709
b152244728671db447c59ab0796fac9a423e1356,6.78218503923995
b1e8855867b91eadecefd05a09f101799008b8c7,7.183271730293539
b25340984452108c2928e20f412866a7dbf4646c,8.562353682975973
b27862a2f9590331f29ffdc8f3648dec2a7a7d30,6.129230885239503
b2a46e3625d075ff330baf8e18019e1af424bc62,6.0743290123699065
b2b334fbcfc12bdf6bba8dc45aa8ade3ddb746aa,6.436963634162101
b2c520e7e4ea03898e0b8204fea068149d5535c8,8.640122006835515
b392a38d92631885c3b63500548976ac63518da7,5.616465489372816
b3946c98c388b721854634038fbd1820a7ff046d,5.673759466890419
b3f68ef83acd623f98f4a03fc633905fb2a5b027,8.596008414293827
b459886eb6e03f683c364b338a5c2f4776391dbc,9.156299854119005
b45e8d507778dab56f381a681c453cbf4d3b4050,6.132656776337945
b4742d304d9cd4891aac3cedf5905676e9fcc9d5,8.091402112576157
b51687ca4edcbe2376bc3204617227bceb0a52c0,6.972586235917314
b51b95c923fbe5e4f47342faa554cacb44477016,6.248632169287209
b52028ddeb0e0289019154f32e763393f83a30a9,7.77035878136078
b56069b7f468c9cb3ff1ed8830af52d4e2fe60c0,6.5405434003291525
b6535907c852434b9243df7a0e65f04d688d049f,9.186109001113927
b68533a39390311fdd9ca8baced33145784eb561,7.406050704271074
b6cb94c201726bd4e4dcadc007dba2c69933e0c1,7.004546158004772
b6de7562a3dfc6522d1d9f86967f5159e3f2f090,7.596812618735249
b6e252e4989b3b422d69eae06831ad0bfd396126,7.068515500641451
b7047722486e995e27292b5ab1945d72ab5a3708,7.268526183352495
b722e6209f2858faf0bf80947cadcbde586bb666,6.712334563036029
b7289b3b24fd67017ed82f62a889b4c9a0fb5ba4,4.480015369638545
b7297bd49e99532695b6290f29fac82928f9e03d,7.868520030783096
b7298b0fe50443a623af9b56792b330c2d052845,7.915289948297559
b729f209cdcbb802e5f6f16fd902793131660968,5.971623648545647
b72f0fecebc0120609eb4643631055b2e7a31fd7,7.657014358910668
b75c5320a2ce606e7c46d1f82723e1e461f37a68,6.565036826051592
b7931b60e23916058a5767895b9214dac7a6515e,8.400189450384623
b7ea6b3de19afe8e98d52228dfcc3f3027f18891,8.088021174786277
b80a4c674f6640d304722f4a92eb9b47345f1258,5.638261149477492
b8b78832d415b2137aaa400ec638ca3828510a71,8.545496576459295
b8e898c506ad360ead5d4fafe6651fadfed6645a,6.617277547938149
b9cfcb9ade5f88679b72a7977c50eaca7170206b,6.594668933170246
b9db6bc5ded963759b9a1db58adbaad3314169d6,7.1554742171191865
ba0b274a12a5891f98da7f012d4c757aeb822917,7.580429571828166
ba12c0a2cb367af0467e479c03507c71a805d291,7.995953626566547
ba37558e4c84bdb5486d1b3622b0ac7ed3d5222d,8.359507939746864
baa9b5294556d31b066df7e0dd8b1b0b1a8bb9f2,8.573003208318896
baae1f7bd8567b6f9e220cc863c92124fa71e1fe,9.5158085481528
baccf806cbacabe5f3a91ecd093cf36b4db436a6,6.71961863115472
badea8134ecf83e912ac6628ec12465e227c1e6a,7.130305965238683
badf8b0a0c342afb7e1eecc4fb19feb7ed28e180,6.633207810147643
baf05c058d7a427783ab9bde33f38d55ae8ac0cb,7.189350474031549
bb603e54f5809d802fec4c70df7b2c29a5125a89,8.153615620974135
bb6bcc05d3ef04c14c73ce93dad8c9ea60f5297b,7.273762696066633
bb81a7f88631b987cd15c8d539e806ad17a5b664,7.5004684183212635
bba75421c48ff666a96646bd283072492fc712ea,6.7843277813657465
bbaeaab91cec9991b4747c8ca3fba0981bf68ad5,5.289626722361084
bbb7c8095658b847103c47aa2a4b55440b0e9ffe,9.47534592542151
bbf7f2c725fe4c3e0eb56d29707437d1603b1c56,7.178976242219991
bc1f0dc5b937d54fa64e44c1e4e0de0e5a4724c1,7.03487720655558
bc54069a859b02cf1b00e7ab77d68132f9021c8e,7.084159625963818
bc8caaa2729aa0c9179e8d66388586a4a8586f20,9.171544038076929
bca16481f37f3534abb04344ef1855b0e56140e3,7.9513306363376275
bd18fefd95851483c8aab15987fec421f92523fb,7.1332870742543175
bd53f29596985f567c39329a8f8da5100810f0fd,4.869627637943484
bd81b591d06c4a726078a831c11516d6ee27541d,7.399303642419101
bd9bd34617afb5bf1f3ff27e575c4df427ac32dc,7.448841719627067
bda97a680a69285ab84aefb75abb53676e7f6b55,5.986982368227699
bdc3fba009b4d570355de5bfedfb6766746789ce,7.06119129250912
bdcfd5ee015db872058dc442ab9d3c72518366ff,6.999737874850032
bdefe60060197430834e27ee0ecc1d775f5e2b89,8.455047220342173
be40efffa2a2ea77d3d2fb0cf1f8dd6a8da2b287,6.533822779509592
be6f4f4f657c80883591c6749a7951f9c992e4b9,7.937485649949809
be7b5a55c3a0343bda6a2a6ad09c5cfe8714b27f,7.985054365984797
bec0491f541a76e4fa31e17842bc573c812cb528,6.845896852989696
bf22fb15bf51bc4bcf3d50f7494caad62a596d0e,8.497695871531254
bf9e4a55173e6e65b88bbf4f18744ea043b07ed6,6.52144018221257
bfb055d2c2ba396d5e6bd6022719b3ade1cd1407,8.608963741537128
bfe7f84ef78bc0134134fcb799465996fa84e4b0,7.20691430903848
c001ef5d0a98bae288e504e13db2f1d4533021f5,6.697573804020487
c047e3345530b4b4634715536ac54cec9c756b66,13.30124347841879
c072621681c71501470509aeb1c51e3f9f98df5e,8.36756254355983
c084f1399d2813131b70acb3920068a454cea6d5,6.489578896635648
c096fc1d9c0ad8efae9cfd509f75522c50603692,7.863917804009863
c0986547994c0c40ee739f045a02e1ce427ec132,7.39655343071494
c0b8f55536e05f6da91c3b65ddfb69dc8daa12e9,8.327546598812738
c0c13857d74703fa66da743d1d670bc2b9957f7b,9.483977165806444
c0d3079f5b83f8962c439707b96c7ee43be2ca18,6.844921185387217
c1287b2f156f6963bdda82942a95288967e9422b,4.824897388045404
c13d9b5245d8fc600da9390192908048857599ea,8.46098412037261
c15e04639eb35379bc74fd289f38b1c9d21e2278,6.314519116259576
c162ce77f4002856b569f63b1e2b58ccd6d961e2,8.422250552720545
c195c2ea359350b81a96211ccb40d03fb0501e7d,6.672397877780537
c20545cf079fcd100052faf6db21ee865023525f,7.18668875100292
c21b13edbab3d247c8816a374ebb57ef71700952,6.747656396450559
c2660985c0dbf52fe68f7d3620fffa6ff8f2794f,7.946003889470836
c28a837bbc21a0b6ea686c34b12a7e6badbc9140,7.568792375315047
c2ac862e74879f4b60191f0bb1397eff1e157c8b,7.554451654408402
c2ca84eba451533cc357b9c82cdc4c59227ee38d,6.889397436949299
c2da78b847fbfac6920b3c5a2086c79b3a2db8f7,8.266237015292367
c2dc9b42636e453c1ad8e7a5e490654d39dc303b,7.098592926788896
c308727c618e21c478dba676bcea9d040d179f99,6.8210904042762275
c3127c3c92a3d510a78a5248b4e7fac50ab81e0b,8.532409267486349
c32840e4bedac9715b49ce3f04b3dedb98007cfe,3.4949482083702508
c352dbabae85680f4ce4ebf67886666ce47edade,5.7115220637444075
c3635fc4a7b4545fc6df8dcad81f86d1e08c66cc,6.188242791897986
c399382ea2553528d9b44a9aa6492cee7cf0b5c0,7.531084597510839
c3bf932c28538beb5024e80bd06e09c44661c8f7,4.727517289863284
c3e73d0362e2b21fae6edfcf518063e8a28b7b63,9.160076616706867
c3fdd44aeb469416e4895afe4040e54eebc23db5,6.171091585566641
c41c79391cd0c8816cebc9a0b4ef1fcc5c2e4018,7.504748290411383
c4504ac02ad7e7e0c9ea3a1d78601374e483fc30,7.4357567016141415
c45bf22121eaa2f37dfec2f58729d22394ea220a,7.469030673454292
c484db51bb8e5e6218578a71ca541b135c2aa1ff,8.506746507686731
c4dc23da121e0654017198804449e35b2e9c2027,3.1954578012216865
c4f595ca17b4c13287b0beec0dbd45d0e356055b,3.4949482083702508
c52befc118a44669cbf7912b419dfc433c1c0eee,6.625523177990462
c52fc84d8cd2335788c472ff6fa6b3aaaa8f2252,4.002565154699254
c5b963fdd21435b56c4cf55f49d652d92fc83093,7.415858331902878
c5d903eea354607809419b5e23c869ea16626a59,8.34121158559522
c60be70309789b39355dc612f36e37090ccad5dc,7.3906485590298585
c667e08eaa5cf47dba38ac81da9c185659db42c2,5.873842094355689
c670d2529bab25c82fc7c3757cb11e7f2e404de8,5.983518636542073
c67df30ae6cf151f19df3e36d15f0361619ed47a,5.865986447702191
c69dcaf9e10f52b187b13e678f9fe65505167720,7.573623031955093
c6b1b85455fc8ae7de258ff95875644d77f55254,7.230929268831397
c6e9fd605b75a5090b1879635a6db8da08b8a600,6.969178866987097
c746678029d2139e7658a0f94e98bbf09f258673,6.091035685835582
c757c72ff79910b22c548daf9067d6a682bdbb4b,7.935007577599002
c787e77b224890e7fdcc8e2ca0c0577657d98581,6.501661176169119
c8332f72a4f6049ef2f28e4a0fcbde9d142c8591,6.6039599575905505
c846650d2b1b4a07f67e13c5aa56c15185f81f15,8.897584232314387
c87d4a1dca2349d1fbdff1c6d6a57708c1df793e,7.695238905588425
c8944ded19113906cf130904726028c5c1a11138,8.028242104021984
c8a8565f00553a00a5d510958dc8c40a4a477783,7.665778582339611
c8bd30152ccbeebb18f9b1fedac0869f845980df,6.786058301842672
c8d7193cba58a3bf26ba18f4ba5728c56ddcd4a3,6.8963347515350035
c8ea10d959a7c782b45e6e83040472d432fa448f,6.494721879118659
c9c6d1fdb1bc64d7137f0fb7050e334cbb7c0f6e,10.527373566531834
c9c9df2ea1ddcc10cc57d4e1d92b2f8b33d94538,8.18521137431969
c9d7b86399869ced995a6e467a257c3915339562,6.886091523121919
ca01f93cb3384006f7af5de96bc25f924ad8bd14,7.345420205105732
ca3bb5c80bd96ba545e0a42232c6fcdb55f7106a,6.541147286267618
ca6829e71c271976a4eeae12cbba5e49f232da3e,6.840458704679407
ca84b66fa8d2c26e91bcd21dea081bb062e51711,5.830573239787526
cac291a9658d7ef15e1ef0c71b188d96eec19ad0,1.0082343351046035
cb0f9c7be617b2bd18ae83ee9e85b621cabda67c,8.191017187895966
cb16d181d96fc8c94f8416437c059b5f0aabded1,6.551387349549937
cb713a14e9dcf23999265a8826e204beb646626b,4.7950415711965375
cb72cf616f3cafed458ef94be529c172bbcc5277,7.815648320909836
cb7cbbf59876001661704aca5fa8d70467f514a6,10.040217709168706
cbb7db3eb5270179fe8ebb9e73dde2c894c9a971,7.348983606713453
cc1f8f78f5ef5237c717194b38699b168c265513,7.111209319845671
cc431fffd568a0d46d302233b4d71bd216fa94f3,7.398376032260909
cc818564efabc759f8cfd2e978029ff6125406cf,7.256759302126899
cc8edf9c827fef5ead4c85eabf96ca7033ddf165,6.196805917878645
ccc7600e812ec5b6e75a9b4e2b04f00a48d1a9dd,6.817961698909988
cd1c8085cc77aaebd3c527b4ecae7e9150ce0d77,7.73903509085271
cd2b912e4a3d661cd4f500287d3bf1b4f444b7bd,7.117358717690352
cd2cc30c2a3c6b967fc897beaeae9d3482163a21,7.760311749023808
cd32daa7c1ff3ed117a127c9c185c1b53a396138,6.4784343399319315
cd6862158d54e5c270e8d4bed99f73f32a721e14,7.444714859628336
cdea6ad7a63edbcba925717a8c64328c255a0450,8.745839329115089
cdfb7ea46096b2a49dd710ef5dfe7bb354cda15a,6.886925976446248
ce201bf315598feafcad345a663284bc266862c0,7.467995711242277
ce2f2072bf32af4582a24726936af34f88225213,8.716197739431715
ce3ad9b28ad26a494e6a196c110ca405402f3e9b,8.578363913849872
ce56b4a23981e6c9f70e87f087bc1be07fdf25cd,5.913008640455626
ce5a9a38579b80879f4de53eaab2d0083b685d62,6.481377725823115
ce892387ba13c6b526d18de003b62c1bfe4c125f,7.312182676565106
cee203ff00aaca3eaaef780ea6c4a68a3f8fd2fa,8.31699605975427
cee41e969faac5fdd054a726b10fb09228eb7061,6.090623412519414
cf4bc843e5bd6ba302b1289af66f383b0329d6bf,6.250216248284729
cf5422ab2f6793f4d5930d2901e652ed7dadac9d,7.161369420752822
cf6788dceae33f7826997b7fa99b5189cff1aa4d,7.280442027372551
cf84076c807f395016eaee41297162276781b963,8.22042171466876
cf8a26a2ce3ac2cfd81a1050e73bdc7a4cd225e0,4.013762234342475
cfe62afe7795494a49cfaa46bdf17c38a3c0d284,8.578759267841285
cfe97f961ec4d2fc578ef0aaf87f52c54a9aa181,6.947535488627567
cff1765d7a97d3f012a354586ccfd49fdaf6aa44,7.36989925252756
d023d3790457d12ac59581326aff1a396b206d09,7.532098096679111
d0561a58b05777ad43db1e0627d8770d37c48d5e,7.103100891055941
d06025e3b7e91bb8718335f7328466206060faee,6.843819661139881
d08b1608a634fda68fd097f278ce9fd4ac24046a,7.745559803099703
d0d3472fa981f90d8e6d036dea4bb627c73b6592,8.348398620922618
d0f28e44db91cce7caff1db428643300dfb3392f,8.19926441352631
d11774bd10cd517b1cde216ca391e76efaf59b44,8.298007723661206
d11e42daac68288eea95d8923771a326e667b520,7.748603702047603
d13ea487552242f9c688d613dab06ea5b8a867a1,8.187811157187342
d1e238d8cc58ceae3359c94b2a4a976a975fc9ac,7.99978368647172
d20b8e96e5c520827768fe614961d0534c6f2680,8.174584680477398
d2491eb9351f861cdcd439fd5d73883a6d681d6a,8.49559864188057
d28c344507f89c41df926794e0d5a96d10349014,8.250392521135717
d2a2d2ee79d993c9821f176d9a248223ee59b3c7,7.06004573566846
d2ef78c03149ddfd267005d0dcd248adcc227e02,6.513872200601704
d37f552ad5c3e1e1c3fc9aebbea6cf50e1b9f334,7.095481715929894
d3de05492e2353a5f3a80b5ea37a6de4651923fe,9.714647114263524
d4707fc4aa22e29062e02639a1b8c9f7ba3e6b65,6.323355261428594
d4a08e7df54afbd81401faf2e0349e88ed7fc2d9,6.965531033608044
d4a5c57c98a9d8e16b1dd93042d22cc422772b0d,5.19461139568083
d4ca57e34b4e28a3a0c73339e0c72db036894d3a,7.922102197113633
d5155526fe2b5c2b956687b34d478647ef6bd092,7.139021526296528
d5179819718a325ee33fa2096f37995ea6cfea8c,6.543861363512101
d525d6edf4b0c6362ddaa4814c3930a6a62bdc99,7.662246829801937
d57eca033aa6388430166086ed3d0390ffefa85d,7.417246584978347
d5841f944022e9ef49bf6ac9b5546dd82ab2784f,7.901335617566466
d5cc23d9ca216f0f8c6e5ada7c4e3284a3920958,4.767133087793885
d5e3e0d1ec5eae8e2fc08b9c3607cc766be6dffe,6.983904330394084
d615e34b407b1816d1ae062d56a466c1d17b68ae,7.829238653867003
d6515d627895751c832a3075053719da2f5e6cef,5.801800657517678
d66918b05a4d978f6aa15979c85902d09babc898,6.448674893798438
d66c55f4502b462e88d4529dd6b4d167fd42d165,7.253787146528981
d68718e7e9140ca136bf5e39efd7c122632ebba2,7.381214788597592
d69d2c6bc916b8d054bd50f4270a1c6d8cca1426,9.314171156848115
d6f54f87ad964bd1cea20ffceea962f8b6236da3,8.672636711757653
d73a15bdcce722312152f547cec67e8dd584a6a8,8.622209754989953
d7a319cabc8e30b748e2beca44fc575fc83197d3,6.985811182908137
d7af1840c8914a381ffae4617c33ab76833d9513,6.787258192620255
d84468682013517fdcb3506ee81783dcbdf3bad4,8.055019704882598
d8550edf3efaf335a9648aec7584ab6acb55cf30,8.201374046830805
d8ad4586476ab6240c0ec83f3c12cd4cc7a8f622,8.867744575965045
d8cb6954aff8cc17b05a205c949f36b46493eb8b,6.722910949162115
d8cc02c7b6d2478b9f6d47664272c43801d6d9a9,7.368443657525088
d92840812393583b0f053de80ecee59f5b19bc03,9.291230851338081
d94808bbe3e5b3ffc39c8d68e0eed70929c70762,6.757831003125325
d982afe8253215b9a75464a85bb061d5d5f7975a,6.947094167979213
da37e77368c2bd5a7a9792749fd6ed83e05e2515,7.764792287253287
da7fa747f59ca321b48b414b2f884d027bc961f8,6.725126618967112
dace1e5b88ac51d7bd53523ad70f8d5d188b9368,6.819772856255834
dade8cdd2806e1efa138e68d984abd0ab1c87ced,7.294337687698885
dafd07b7aab7dad9894cee44cad55efc89255614,7.2236631319541384
db4c010c135d84c00fee816a085360bca2537594,7.449377266793273
db5924e7ed00c9136308999827d50dbcecae5091,5.843895199055403
db7c4fbff4eaf7b21678b8b053a0c3dcd74dd2b1,8.124134837832399
dbb0e3f3c32292438fbd39684d9f1ad153bba64a,8.12755967702949
dbc27d6c8a04413d73a885a7b2c2d8db605504fe,3.159221708992991
dc5325f05ad384cacb2431acfa1f398913151afb,7.631324650730882
dc87f8c4ae8953d2d0bcaf1a08239547d77cdee8,7.892263874720053
dcf7777f614c11ed45f8ff82f2c44d7dd15889af,7.416717209693783
dd98462b95687767f50edcdc4758ff5237c0bcff,8.218558856550658
ddc549a4ced606b9181bc2e6e0bb75824fc20f70,7.9124937505579425
ddffb03cf0301334f5a2f89626640fa8812bde5c,8.0039017673019
de163edff457321dc540b375c7b316c7f9fe73cf,8.561779876669414
dea33f83f3cd94f54f1063a0cd22eab07ec8d3cd,6.962713107416148
defaf0c38d68f9958bd180e1a709f130a999b2e6,7.642722481554141
df15664e980175f8ee9ea6687b81c59f3139406f,8.272345430266164
df17da01944f34b2a6b59e8d45407c1297f9834a,7.528925826171683
df1a661311bcb75b3b3c258c46ab75819bd6d249,7.849462557260338
df42fc345b50f42b32dc5f9df420978b1cda663d,7.719976660424522
df8fb59599b421d91967aa7d053fa72e91e4f6fb,10.299079346313741
df90d9da415c30c25a16e21ca85638577961e81b,7.932237679868036
df9e2c6cfb6035fa5b26af3b101bacf64e95e913,7.49250020386346
dfc34f90e58f60b101c824e10d74b8ad0c46a2cf,7.182045136390436
dfdeea1cf0b4fb6c906a25d99aa5756efe14c996,9.687975477389482
e036815d3a8d88224e7e8a95c64ca031dd5b205f,7.340915634765455
e04a53abed6db648ac01e162aad84ef8b608365b,7.429821592605055
e07c3edba3602b0d172c2db763539dfa9819027c,8.273094598779629
e0850b1bd8f8de58096da128ec94efbdf5f05ca8,8.994231026732646
e105dc9d8869af3a83704a5d048424441ce4ad01,1.8721838787434946
e13e39c815ec66160db3c75b7331dc1a0dd1d4ce,7.745113928235524
e15002a49ed03188f18c7a791c458c19d1ec973a,7.650513500238935
e1d3226bcfad8043e69d31f3d76e719c7f041d3e,9.356442446652766
e20abeea371227f8a6318491ca3c0211afbdc1a1,6.6407861636349965
e25991f3bf474e9b542b09aef2407a78f3ffc61d,4.657907077675867
e2670654203c6b5aa850edf95ea9e293939963fd,8.709158250046073
e299749491b5a979701f0dedd4467ed53aaf7c7c,8.885635440100536
e2d88e3ad6275b7eca2bff120e467f9158b29fc5,6.6052776145581245
e2ed5ffddf1e60198f9f138810f84b7107ca0561,6.1620632736144545
e3919de46ecd1f707451dad4a1ac88e5b7403f11,6.682724535429125
e3b9460f9a4bd3f4a5243f388246084f41e0dab2,7.671344624187257
e3c9abe5680cb3851ac38d00a01c46f58b6aaaeb,6.813554567913214
e40337a34c269120bffcc76e69700d06f6d716ce,7.766999645145092
e45204eccdaf94faa580c54b1fe1289c97b1f56c,4.798517437168038
e460fd665c3f541f48ac4503abf2e90b9bbb3b94,7.841236223393865
e4935a868e50ec1951f892af50e2f5886c935919,6.818024062057193
e58eaf39ea458008043bd1472f267706524f1fc2,5.605402840275568
e594aa5283c8b2076ece870504b4b6b2e9c29ca9,7.160690048613601
e621f4d6991a537e4508648aa4c3fc278091ec1d,8.830352290834087
e63a9cdc387a31ea563ecc24b20eb824a8c54ebb,7.786064891417638
e659bb37740950badc7fac606f227ba5f74fa866,5.180397902906263
e65a627881df5d3e0bfad77c56221d858da5ead0,7.392513396573624
e67fff49031a4f2699f10d6a2dd89b4cafc70323,7.366241492261483
e6900f649459ddbd9ee38b93582378162c8d77ac,6.3547803467367405
e73e06dbdc983d0a3ccccdf754b85603dd0818e7,7.7540052388164105
e7b94e593e93b6fe31083393cff1d63ca2142b64,6.6044184507775965
e7cef9ca74dbf2dc906e3216004a1b5e6a96e241,7.432315597580351
e7d0678e66dad824da63837b53bb0bb38a571f42,6.848213480980882
e816ed48800359bfd078c1444a40e00be6fbb5bf,6.232153274150112
e8335df6f0ac481c6ac16096889c51cb95ab2f6c,9.129492420536018
e85a79ca1bb1f59951efb5c25e40e0ee73985cdb,6.97953162657486
e85a95e2eddbdafe7db54351ce3680933e09d0a3,7.106454707318171
e873b044ecba72370076d7fe198eeaad94bef3a1,4.603062941672796
e89a4f1825ece62064e95e63475769011258af36,8.546879285320896
e90cd427d5e229999107e56e3f06953f3108635a,6.945565639683782
e92f3d3e5a00b7767c239cac14b6d9fe92d5ef9b,7.304492443712366
e95d7442ab6fb642a8c3529ef2fc8aa25a774e13,9.59307480028841
e99d4fb3ef87d5e201da3b08841541fd953af089,7.631136614354326
e9a8e1a87eb55c0dc1787fcaed22be98d9cc1ed0,7.513342345366741
ea0a8f0b0b712337c3740e6ad5293f3dc47db568,6.362611568601218
ea2f8736bbf1d859fb5b46f848db37f421181bd4,5.071274117426905
ea385e57f5d3d6841a6997dd7af680e135928bca,6.45587724309364
ea55b410ce0e38664c6597e4bfa09fce84399461,6.6920514032004785
ea7332c6a62cada8a8e85200ddb71fed941ce876,7.112948386492144
ea79d40b446a3660b4d0b01e53fc4a14bc18f60e,4.8142786496394745
ea8f19a7914d05412dc4159108d93d42a675e2e8,7.430257784989497
eaad1484ffa24b01432fa3564a8635bda0b4c34c,6.823643003061758
eadbb37222d32232022838b7765dea96bf38e0f6,6.442716720629502
eaf60b6a377c720fa7a13f97831f38531047a217,8.02292566244312
eaffaa19471bbf9bba8fa5808dd0904474089ae7,9.024088866942215
eb001120a0f842e5bbfd786652695628bd65090c,7.822941247365353
eb2a090421ba380ba6c0a8119510e031bc4e55ea,9.359541682996731
eb451c65ea210bed6af798282c2c6205c79f71fd,8.718991436285753
eb46bad8df84ccc42fb7bc9cc3a218247777367e,6.907242761058816
eb7470e41cb0d50314e9755be518f55b093a4975,8.630558318365647
eb83b2280e41f55da33ed81e62d7b8ebba9a93f8,7.127928994980337
eb870373b64f0be961f503936f7a725fca60fb32,6.934158675064442
ebdfeac0c48444c5f4fd377145b2d97e12c78cac,5.985368902483183
ebe0702c8a0d906044fbc61cf18d3f8dc9aacef9,8.741239632278226
ec62a3c21a4a116991338ac88863dff35157a1a7,6.526150007532996
ec7d2ce8cce8253208e8d0ae74991b46ce2eadf0,7.191843322605914
ecd66b9bbdcc6ae1eb9a6b765868cba3601730b6,7.097757784775047
ece9b75bda9d53b5a67f7bb53b5635a3df017020,6.4795907986626595
ed3e0c98995edeee0b0a55fe15929a82097e93fe,7.9149133831359055
ed6c052a16794cf2376b1497c505b438e9af69b6,7.359797195769464
ed8ffb58d172827f17d1abead83d9b8c44b554df,3.258104913244968
ed9eaeb6a707f50154024b24d7efcb874a9795dd,6.519291447714388
eda32ee9ebe79ae7f85927db19cadc6199752dfd,8.038035854910056
edc5737211dd036ad81985e117aea3ab9cbc030a,7.229258633831075
edc641c842df448a70ce315e00b6dd4461a260a9,8.326382262925776
edcb11b4746d7b8056929a37a11e81b0fe3202c9,7.992908024072944
edd78ffaa7bc16d94ee6908b98b3d9863f492c89,7.618646052212086
ededd47b1e0c18d4af4ad2b0cc21eebcb7c6e6b9,7.166905244260859
ee30201b0b1261fcb6cf010787990ec87343d300,5.225499537593927
eee2c3c453eb64f9c327f09e83be35ef36528101,6.243581324000572
ef02ce9a2a904477907fe9135cdcbf1652180d31,7.340196838363896
ef070fa973803bec505aeb6230acdd7a917e2a59,7.874466846513105
ef5d4cc5cd7a9d46f3e31572d97bd52423bae4e0,6.339346198167773
efcf2fbf26e74d0af378d96a168c8cdc05c42a84,8.378532585395666
f01795183fd859bc35b074c06fd58b5e6623fb03,5.733613866518925
f01bb96987327c1dfec6ddbc980cfd85650f20d6,7.7798847629498855
f037357014544261767c6ab5b172b246b09d3ddb,6.5411939179526986
f05838da14ca1dad97a5cc0c58323c6df9153257,8.525985309279182
f0be3049c99eb84be5aae5352c2f0ccf661e1f43,6.626871228662499
f0cbea39c26f2cf588e04885ddc1a439564bd782,6.574294526089059
f0d74f349e6479eaecf425634f8b0dd51e60d60c,7.506150566919855
f126cb73dbad037e40b322f82b6f40e92a15a595,6.194858427034541
f1299639d65fd743440958354f22154e171500d0,6.631568791093101
f1302a0b13ef669e0d797c1d4106355cc43f7144,8.039743439534043
f156718d3970030deec27298f56fc78a00c00f5a,6.951874564090419
f18c98fe93f825e2c01296bad47dc072ff70eef1,7.818407535222846
f1fb0a22c3c46fe87eaf8bdd97d80ed51436f782,6.653387055631988
f2418c1ba0f63cb975e6d8c26ce4a145b11ad924,8.436647632944721
f2c6f4d1250f2570b4dc5edfa7d0952ec4b7194f,8.628000757574739
f2d54f193cc71d429fd5803b2e4721d012afe568,7.918063000190726
f2efe01b5b7d2613529468857009a02a3cc820b6,6.466062432691053
f35248e9e95942a05313dda4f3a677705d8c651b,7.319468021606814
f38238ea1bfa182b81a7d73d563b61dbf2825754,6.293029366734734
f382c8f54d9fc494b6d8cc0751f694f0acbddca2,7.554618408898887
f3a603f5ad05ee8b8374af6523467f1ee058959e,7.788252777119988
f3a7769633f8060ffee4a0295c55ec9be084e3c0,7.892100368308048
f3d6d22e76fc586bffc4f5ac1d73f096f03efa0f,7.563944754761316
f408354e704d901dac2f283fc8242d2787ee4813,8.305496332481322
f42621bb38f167d2de3d662cbe897f5fd1234aa3,8.332789961288873
f4367a0ab2083a66a5fa812df89e590d3fd3b5a8,6.224258069559035
f440f5463ae218aef17a60e9f2ffc7dbbc45dc54,6.869623590070725
f459440c7a99294ca9763f332cd9aa09b0c280d6,6.688829391008903
f492b1eb37bae60ab4597c161e7b67d9cc9e4dc6,6.63428289953438
f4984561cc406867aa796356b6bf10a2091e67fe,6.823269278260568
f4a045088bd0003226023c10214248049d9da90f,3.1512699682615075
f4c3f24024c2e96ed13a845b5ad7213143844d9f,6.853356451449925
f4d9301713b16c13c174f19e18d0200175494a79,8.185053071565463
f5674c61e82766371ddd913c99e6b70414f4dd55,6.898495830582037
f59fe9b15a7762aa5ffb0653396da3f4f2536553,10.24423471640083
f5a2b63a98287f49a07f6101717dd4c1048b9903,6.581299975431735
f5ede5df58c2ea59be6b8c8097659bb8c2e9d0e9,7.5523839153113865
f639cf4aa4008b2bf51b274cc01dede03666150e,7.524353194974433
f679eb92d1581b842e213a6d2a8a74a0b9ede984,5.272387658157162
f6c974c003c063735fb1afcba0aec50acdb89861,6.460558011878609
f6f5b15522aa9457158ec6d7a16caaacd6cbee42,7.035508143849054
f77371745c51f549f9a641110e52f255aaed0f10,7.105886372552412
f78599d53dcb621a631b8dbc0feb5dd63e2aedd3,6.588559831782965
f7875ec1207504a229cd9b5ca132437c6bdd6a4d,7.982379599124024
f7b65fa8dfbc07f71d9e206d1e1fd35b986cab65,7.042921005126283
f7ce1b89f61b8a40a961d7fee02ea31d4b27583a,8.177392519178552
f7d331120e9b3a15cf4a0028849bf050846d5d6a,7.7074859679983
f7e7c21b753521a3f4eb226d9c69d71214e183bd,7.047549588311378
f8526194e3d9450a847706ea1c474c9e1a65a3a4,6.343143651507396
f861873a2af44519d0c30b7b390257e28084c360,6.816090575080527
f86b9fba1d59be7c864d4f23d0c7674113a27cab,9.5440989849922
f8da0aad0792d4f2d30881abdbfd4029dc264842,6.426790330531212
f90fb4df43d85aad3ae9602aea19fdb4f47de984,8.381561970756817
f91758fe4f441cd4b7b053a03252b4c50f3d4737,7.710476933933235
f91b376092344f19705df8873d25aa4a34bafce6,7.6809513240486345
f92e3ec921384713419dca56d1fe2be1d51f1b54,7.736996617892481
f944b947ec651ccf64807b644af38c6f04229bb7,6.368329701531292
f947938c0e7c1345a488d9f17a74331ca6f478dc,8.540923695264906
f9491b0ab4aee90c428545e0e315a3af1f827595,9.375864697244591
f94ac320b67f53eb86a68cf30fcced221092e7fa,5.510695353795867
f97b1dbd007f20fea2e262e62433e01ae91da602,5.38962245525304
f9e06c04dc036b01f65e7f71a9201922f201dade,9.122796019802891
f9f4d4ef2a3de006bd037db9eb160ab8e51c79f2,8.974279014881121
faab34a8374299678ccf4eaa3628cdba3b65bfa6,6.53436310071491
fab22b3c9fd685c26953a5ffe073c4aa2a788c7a,7.066348857607678
fb0a2834f5f131005e12dc1962056623ee6a7188,6.2330441788713
fbf5d7997f35a05b4f296b7b70b08866c13db856,7.6134106886492825
fc4d0cb084cf3b98bbe820a9fc36fd437940969e,6.284881633521009
fc83d8b4ec86934a2daa128311afedeb0ca5fd50,8.551515711056034
fcd6e54df612c033e7a465155046b5223ca4eee3,7.167070803654478
fcdf51cf37b314ebc57038046b859b3172117f4f,7.644940122992923
fd29d68d81bf469540c56ab7074ad748cd72203c,5.709036461194504
fe31861a03511f91760de27adfb8803e8ad321b8,5.621565127142136
fe4316169ee8c83567ebc52bc629912ff65f14b6,8.278384713730878
fe516d090eef192c93197ed87878da0e23908140,7.910827594911103
fe659e147194c97b69278c8effb4041297398009,5.507685609922339
feb8a2859a011c59efd22ed419cb69288fe03627,7.126177749850907
fef4a3263ed9a8ab14d457694bb8fd86ccd98312,7.912303620515735
ff12d6e2ab80696ed8e22fbe5497e96c68d29076,8.632492556437182
ff3fa2ec64294f37ae968159f810ebeda7966c51,6.510772368930635
ffe872165621d735a48bb5db0c71dd5195cba359,9.865386420876973
