student,diemqt
0134f9f410c65ad0e8c2254a7e9288670e02a183,7.934067316801813
035f97702f2c01d26ab1fae8f39ea2f98a0caa3c,7.958148795733064
06024da8147b5cf6105beb4c403f67cf1ff0aea1,8.769894034594655
0aaebc88f6106684d6993c156104c1ef36cf94e0,8.32095406318394
0bf111a9caedf02804f6991792490e63bc21058a,8.98211157252501
0d815307d5307124d148bbebfb41497230c4bd15,9.126987188103417
0eb93817d6eb3d5bd3e44dbc75971eea193b924f,8.195842895505804
12887fd9a4df4ba9b88a71f3fb1d2502a75995dd,8.465776856807485
137ffd846ed245676a14f1d5e8676a4ef646182b,7.924213258129641
138c5848f009c004f0b8e2379316d5ec18332ff8,7.314013171920344
209d7c77e7a150b6990a3372f7cb24da0c0e7e07,8.835350987343416
2383a9a33025aa8759fee9a890f6420df0fc8b47,8.292342678693705
248ff20c10b7d18c30fc84ce214936f5bb440e6e,8.278792328738007
2855b4b4d03c37c94117e615a25e0e321ec8d77a,9.042634325572706
2fa311a94bc0da6d97955730d071ad6fcc770bfd,8.627443679493506
326a025b5c23347b9eb2c5ceae75a5908a461f69,8.067652319834659
339fff79c43561c995b29972a962ccec846c599f,8.355418312060566
36dbfe4759f861ee72011812df2178cbbfd736a1,8.440717493394427
39713cf2db02601e4bd6360ba70f8013c0433f48,7.813701251099395
3d4f612148056feeb651f4711c1f640f5015101a,6.991651868243533
410357eb9129023509cfaf8d38be61c050bb3b05,7.252669842259937
4dcdd4c95ba88786172619ebea8aad4ec757a150,8.520537034179284
4df58b4a53afe49f40e1c054f9a2e8553352e254,8.191436647144826
4f571f241bb2d884216b4712cdcd482e310a718a,8.050882034686095
508e0627871ed482bd8ab34544e43e5d856a889c,8.147725105664028
50f17ae2d9048b293cc969aa8668b365f9773f1b,7.49700549445047
5235e36e00b0e927e6ce9f6f771ef92915857989,7.800430300898546
529d7e5b25e40c18bb7ea49be0963ed7f3e288ea,8.513299601635994
541270fc6468b9399001ee5a8bfa0cd380e1db60,8.035951414285877
549b4b9f5408631f8a062a6a3b71c496646ee0fb,7.968979146938717
55ef1cb9ba9a618396f8f82aefdc261d00864381,8.227408127294932
5b023883ac089df249ef06f7c8c4398f37e1c55d,7.317979617708674
5c67cd01bb445f9b80d30f2c551d0d42776898fe,8.37958267578214
61c0c30e1af44a3ad57880bfab7a88591a434b92,7.939776470960805
6434afe6261c6f3f4fdbad511a2db8ef090f8c07,7.316908424325867
67212308d026508fd5b6942ffbbdd7b0be2e89de,9.040477671929708
67f697ac574661dca982dcd95ba358bde5b48a8e,7.765716449233375
7186e8a3fb8c0322eee7e354ed8f1669885f6774,6.386501678582316
72a34636b5a1de1c3796e43d5abc564b4d0803e7,8.05589711862708
737dd3b5a70f36e8bb79f4c5cf86c7ccfb1e7d55,8.507313170132837
73c38d8466f153b974c09c066d1469f63b856d07,8.532300490696283
73ec1e02101d9e26fb75fe8580eec218d09ba78b,5.591954742587043
7494b38c6d82b590c4afa6cc975f583f51395177,8.103150826549948
75ef6c3aff156ef52aa846c2fc3b26271e50e335,8.159170323152612
797c7c555f32a47816ca7f0c017002a2131c132a,7.67421604877461
798e6393c36bd3b6dc0a9f97de7d4c87a6e5b252,8.439676070153205
79fb09750bdb85310622bf240e1060ef8de8bce1,7.997925864794395
84a17972cc6d29489bbe205a9e7feb8745726fbc,8.751634322547433
84b6b2d70924066c8345f2bc2281791ae3188da2,8.034107690588819
851d9a4b9b8e236f2d62282ddf06fae57b7d9492,8.151858191726257
8531dba6dd1818a4e3f3ba5e355e1e5ea9276afe,7.854633320291232
8554d1155712da4bc72ec5921db3227311265359,8.655717182286232
8576d2d269326a29503a1763996227723fa531a7,8.255952322995965
85838695003ef753ce13327655b84defa54d6eae,9.440956527452403
859c3b6fce7256abf5acfef957e6c04134c01e4b,8.365129617203781
85bebedd9d4605ff6823f6f25c761e64a588bf22,8.29157877992421
85bf028205803eb9b1e5494c540ddd2938606606,8.361142650707915
861075bc29124627aacce66a29c6dd835abcf3be,8.325455996952197
8674a295a4ae610ccd77b60cbaa692db6a875761,8.402313935778029
86a7e49131f2acbd350c4b0b9a2243838bd4e122,8.594367157173785
86adc493a1cc74328222a194a1d1e3adf098b5c8,8.471015114047637
86d9a98ab0225d2c2faf6d51fe3b9fad194c3ce3,8.001999603051365
87322721181928972ce2b67242f61ff23275f3dd,8.530262490557845
875e48fd13e52a01a4d48d745d72128f25b9ec81,8.831395596887628
87752697bce404c9b410be71a45e76f3c7fc9392,8.57171937912104
87b3a5eca0c70c7828168756cd7813cc8b3285bd,8.75149449483239
87ce4212940578f8ab9aaab4616b104ab515d4e9,9.090244927612947
87e4a8d6efab19e147f510e9b5d10c0d0ff5845e,8.457302362589887
88003ba023714648c4312658ad9a4b3703e56de0,9.408613409183754
88188301e8d3565c7f1e2cee1f9ab8794676216a,7.523310525369
8819c6723e6d42ad569274ebe2ce4212fd8621c4,8.217244046131814
884afc60bb87e1f0d85311221487273fc5d13d13,8.479257504096811
8866a6da23ad8a2abfb243905e0b5e2c98e366bc,8.682143795542292
88a694a270a460f5a09e1e8c569b036d03b9b5ea,8.780687260985395
892240639d1170ec0f4bb6248ba3e9bd390ed089,8.730047307596951
89521736c16fbbd86315c3f3c555132aee8896ae,8.308463768498786
8960e95f79cd20b46b7e8fd09d0aa88015566a9a,8.652690871508652
8968e2c95fd09b05d48b4b094529d54d06bf6da5,8.511786359190644
899bf68f741b96e69c8b1d6bf22fd86e00b7c00f,8.33611787162251
89b7eb7ce1dccd4f6a7eb59017ac455cf1e57766,8.18857575661799
89cc639060f3d63cf21d893882e544497e32aeea,8.309733479119041
89cd14d1bb26c559102e9080a85ffa977cde7fda,8.046456536141099
89d4e10b3c250c027e108d10ebc00bda239e7e39,8.365394069952593
89fe8b96c04597a0fb63dca3a86e5f36e7580940,8.487981660589197
8a97d52d61d704e77f82fd7f1161d98054f48f25,7.901181369472322
8ab396fa5981adcdc777254c57ea744f1fd4cd2c,9.590357111955338
8aea6c59a11267f4143312770b4c84a2be56f353,8.744306609876547
8b158f3040b574b6d08148e24946fba8bbdc29ca,8.31870376139886
8b2735093e532de21b7aabee43b9c76278bdd5cb,8.970792395845564
8b3f8cb80815c489e6278cfc1a371b3bee3f6e1e,8.947433900218309
8b43c7696dc13421431102cb4385363ee33513e0,8.600857092232545
8b557374000feae5ac9aee7b4078bfea53176ffc,8.183251475196668
8b65dcf807a9de0c95c0896919da04523176fab8,7.929992119777839
8beffc1494bb81af08c352aea875a183e45bd824,8.059553487912353
8bf27a767fce0a5fb359059183d06e01d62dca8c,7.00608129806465
8c5d6de5fca9e769de9676c911d9e082ec1a9fb4,7.539997703119699
8c6976c873d2ab3f4af9188a4189c46a032a53d5,8.080044215837471
8cf96ad1e77c722694ef03a06a781d61d632f2c0,8.661493955621843
8d0a196c1c472a4601384f4235f293c4a341b3a9,8.628170460176216
8d14518288c33c098206996aab23c31b3eefc864,7.812085933037385
8d65a433657534866907ca34885953c36951db06,7.969025134543401
8d811d7887c2c868b631a2bd296412bde2b49bae,8.39474165055536
8d9b19c2ff7d630d2d48932f3c1d35aaa97ad51f,8.533360965469239
8dada7632816cb20f182c306ae74184ea9e056fb,7.926666310376606
8e20affd5aca29391f582b7dd756c83205297c11,8.10101318961329
8e3a076971fce919b1a5a0bc62dcef86264a1c24,8.607093858993341
8e5fc3c13f17c0502fe3f0a8404b461b46183f8a,8.68358343395296
8ee77ba42fdd6aff7a9eaa84d70064c4cb39cdc2,8.012010092249223
8ee958ba68793684a9962e1b60847d7b73d7c9d1,8.760394263939112
8ef999ab1a83c2760064ac6c7a4b6c4115c5a186,11.179685484768418
8ef9f17bb904f437ec0a9849d820ed0f86843517,8.783236844789888
8f19ffb508b23f955b93ebd99153f8ec99025785,8.528220643126334
8f7402db46b9b2a95aaa8282be9e471a3ee659ba,8.416440143271606
8fa7abd9421e396273c3571b177340434fc132f6,7.198837469864291
8fdb7157f90753735edf97fcc828b75e6a8042d6,8.15219293376726
9038ddd6c0d498cb8c65b4510e99e8527eabd40c,7.9598984833396065
9081ee605de7c5e739569f3f829cba953cb918f4,8.394529695487185
908365770c09838aa1bc1874bf3915779910e775,8.307268671494295
908ccf9bf5e0e7ab597a09fa19d91b1a5563b43b,8.276145251583147
909386947a62f62c8b94ddde0b623b87c01e2524,7.951962762591062
90d54808ce52c41418550421c387818cae759dec,9.077859428146754
911315669fafba0a06cdbf08da7cff7e81f49759,8.802448875168635
911daa5a6058823b007274f35ba038da7ec89a11,8.036325324223151
911f5eafac3def56e71836d495b740cd059edbcf,8.413732624286748
913eb5b320c3f4b475e8064303960997b0dd7a9f,7.650706279753141
9167062812b68b140da9de7f824ec6131ef31a01,7.702607756374427
917f1aba835e5d7e79fc124c1d7a3c8c2588cf8b,8.645690916444561
91ccfc470d803af51ecbb91da39db5592e3a3324,8.0865452941402
91eb4058d0937eb5499d0f6b2a8dbae6f47eddf9,8.21926195133809
91f7019ee1831ead0e667cf264dfe7be6b743f3f,8.874223504184569
920523a6f06947927c3d1b9c2c902fae6eb740a1,9.04639917500294
921b990c548efb5620585b0fe3049ed43dfda903,7.670877079734626
92213400df98f5441533511526206328cdde4159,8.428391541315927
927008a1eb1983b52fe269b504f398ca185603c3,8.358930014146909
9272bf390ef4a8e31a5285c14ec721495414c53a,7.75353707308291
92828f67b16f5e96ddb0d436aaa6f1193104c037,8.816817993248103
92a1cd997867a6115b3d079903e63aba8dd214cf,8.026165227162805
92cea32d04d98c66af1c1366fe9811047a9b1cea,9.07116774592783
92de4c1319bb3b07781b63801e4599302764dc5f,8.239880713911258
92e2b243f8ca7bf1ce773bedf8205980f034ff05,8.160413941909033
92f51b59f25a16e76b18441fbe797a2fa2a5d3b5,8.534827462157178
934776ec5bd2147907362602555bd692fc56aab9,8.40540581963063
93635a4013ec683f217cad90ca4e41aa557c3922,6.625258639859055
93bda77bd8d32e4fa1a0549b76f807fbc22f1f7f,8.31062095240182
943f8910b7d79d76726a7c50a996a39a00fb033b,8.021629422870095
945546f9d4db4b9599e57ffd4271193406f0d96b,7.789331510161406
947a2e7cf57ae1a546f98831d861cd87c4fd5ff5,8.609952607295813
948fbf59cd52083820e8e1682a5bc2a34793997a,8.933705533331981
94ec21d59f07c2091e0359a0085fa6c569ed30c4,8.288248513118871
950671c7855e25bf4a8330768cabc430bee030c9,8.267876118292177
951b5bb9ecd6593cecd2bd72fdf62a0785bd3b3b,8.38931286537277
952c0daa0b72620df1288d516f0a2abeb5b3986d,7.2840913704871175
952e48fc51ee7afbd972a8305c2f22a80ce9ce92,8.739516689754396
95c2c72faa0bcedf9452be96511b7ab488754e77,7.923608244562633
96013c7ce1186c9a18f5127959bb867243b1b9f2,9.039833063470457
962de82430c78164a7c1cceffdfe31dd0f3c3cd3,8.164573903207296
96d8f7656a57c4a757129d95863a463358a0c3ca,8.769939144852227
96ded661b95e3d4d3cf1c8d45aeae3b335224583,8.57268527853814
970dc7689a54be2108e10cf65af78d85288b64e9,7.634098826880995
97469bc8eac2e4fd57266fa9821a50561a4d8473,8.886207220079726
97983f3249349cfcb409b75d5f53e5cbab2bfa5a,8.868831772852259
979ddec134899a31461a05d820b9d6cad713715b,8.487046242634223
980a5ef7011a98b8fa55e5ac3d7ebce6f7784286,8.282594893270216
980f92c1ca3d1d662e790e884a1bafb6785dfe45,7.8705701078320045
9843de5b71377fd3392db81e3178e11bbe90d95c,8.80339690945435
9871e11a3a4574e6b565733fe3e565f13d670744,8.086562311770711
987888aba1d68d84a51fcfef4131d649024e0aec,7.995993517081601
98903e3bc03971360097ad809526370f701ef5f7,8.217570434531787
98cafa82b3e7f1a3a179c62509778cf9290ca87c,8.378504224402178
9906fd2917a481b373848f6d084228f34ace63a4,8.493559015224198
99103791231143dd15aa77f2aeb87b2cd4a1c22e,8.166666330391466
9938999e257ea21c657f6c63ff386937544987aa,8.639098147274456
994f5b5cdc8a126efbb290700caf797948ac1841,8.704816078047454
99751d158308f801241e028eb7c6b0363fc6ec88,8.498816297305527
9981528e7324f2d92c27f163b5d0424a07f94b67,8.527084575893438
99935e2b7f9f41bd823ece5418896aaf72e223fc,8.808473282361497
999704c760821f39257d453f58ae57cdc5db7cee,9.374922497828734
9a20834c7ddbbf82eff849ff8e4f321b856970de,8.430517389898185
9a31bbe1021725b074357ae4668bed6eb7e46bc1,8.092605374203151
9a5d7462df7a85794cd0d7d2c510ebf725d2e13d,8.740770148153421
9a6d7a470aab3fb51ab58261637c58c239ad804f,8.538579860512936
9a7c94325cf12595e72895187822c354cd8ef458,8.21499030979407
9a8ad4a46036cc65da3ce25da0a1b9e70f979655,7.30858931214061
9aace874af47927645c48f21ffeb82f8e15f24e1,8.920573395511012
9b0622ca034d946055f8590f554fde632487742f,7.97117685720251
9b4fd6bc9be128b294d3a8590bb6a146bc503902,8.519971035601886
9b536900fbffe20f4db747af055dec68b3ddb6ab,9.540011745201943
9b6d776d82bca421eb10bc4a1f5f866af7fc2a3d,8.514867620249511
9b788cef19b68860b4cba1f072cfc4744e6610b7,8.82454210700412
9b9216e586500b4d619e331890d3745eea1176b0,8.34569206985133
9bbf52d74e4300842b27973d5e1d65a74c54c1b9,7.082996231966169
9bc8e6286b7a331de79c4c4e868b806c0b3bb12a,8.258232024161003
9c03af1da21c500de8e0a1be24e3c22d341961ca,8.043849142240118
9c4e901d499220d23e819ffe0156ef62c7bcfdbc,8.119387037404843
9c59b505cc82ae66d54df9629666137c9527e56d,9.018579726047701
9c8c8ca8e36d83954ecf380f84b01759c8363df6,7.901684494295792
9cb2a2853cd6c58a9b7d07a87ef3138c3cf723b8,7.50403715908867
9cf17df2214b19cf4cd63df22b802afde8cb98eb,11.62427555841799
9cf5d1c0d7ddfd6b78c222e83894ca3a75ee47f2,8.274765659570766
9d053bdf589efd451ff25e1977e438b11122e0fa,8.486891061439291
9d12b920015fc145b62c73ca689e71a362e33b35,7.78142227417313
9d46769291771df99e8061cc9c5d79aacb087210,7.9916276530731905
9d549d02a71100ae95cf02deb371138097549edc,8.314594779637101
9d69c1d50467997289ee1396002cd197883a2b74,5.615756589768083
9d789185f1d5fb7bd42acd9d6dc1f5380fef1c4c,7.8352655256748145
9d91374d67624389dacb4b429b8fa8c18442b29c,7.928146223610157
9db80a153d642e12571588fd68473c6e307195df,8.520288930280921
9de51c3306c206bfeaf41f4aafc8526300a9f103,9.506791010416869
9deeecfc873e74ca5ef8b27fb6b22bf7a536ab86,7.850496200228034
9e0457ac0f2824c5e725d83bdeee91ed078343b4,10.41605751844081
9e1f7de0fe95b78cc2236adb52b0420b382b40c3,7.578918260370559
9e4c480f54169dd91629ec30917139f2b16bf6b3,8.045618651025489
9ec1ac8c3d812703485bee8d58b2a81f4edc8754,8.012748774542231
9ec591a707f8d7eaaa8b43b6faa23292511ffef3,7.991000475180649
9eef5b76500d606c0ace08b9cd3ee9403e9e9664,8.674239728162554
9f605b4802c811805adc38ae19035ded09a5e4b5,9.043864875083562
9f8f3fbc1f6d3f36859a33054203c55d028c6e65,7.696012094273957
a05a86b21a7d5922fed8c50f36d307ed7a8cc70b,8.906191029145221
a05ee87ddc674ddf01518fe125eaeec0820ea53e,7.951431002466096
a07cb417ba30c0e4d8cc3831f093740ece8be01d,8.683377993296064
a0ec1fa9ef85571c363b1ff524a7bccd583b0ee2,7.515167155505396
a10c5f4ba04fc56032719cc84184c0ad5b5f8446,7.489324927872435
a11fcd52b2df310a3f3bf8e0561a2c587005e96d,8.559514593342517
a130e19ad47a6849ba0261a7a81a8d9bb93f3a7a,8.99590534698666
a18783b2a14d61192a1b97ce3daca9e67cb8cd59,8.471544416585559
a1b60c404f7df8f6f2695982048cac298567b821,8.523746533697524
a1d026f103e45011fefbfd9ddc32eedf16edd5f8,7.8892762075392024
a211065a6e065d2421b924d4e9314f1026611aa2,7.990756919009453
a22a58c5be8aa2c2700619e37f2b7a6e4efa7e6b,8.517366904643726
a244f431e70a9d4c780ac6914b564d98c04ac7ff,7.9354093318505505
a24729ea6c4aab24a9d6dc73513113e8b8fcf35c,7.724734163837777
a274dc9836c18bf295e9e81afecbdd72825ea79c,7.568196531451318
a30f91cf4dd6e15b62a675de5087a6db82d61f51,8.354045097110015
a3748712b8685edb49cf966b7e662e1647503013,6.295619695000779
a3c251eb71ac7769282f383672f19d3cf66f1b04,8.441350547492208
a40402ff4c87721e74766e6751bb458653b3e686,8.65254827031706
a4a81c655f21aac65297532528cba5a28e8f5ab1,7.771032722731654
a50e88cb6830931dd1271dfc49b3497d63bd436b,8.564491836079398
a52c67c0bc1c6ae7da7c6e4d38cc7ac5a869ed39,8.170902054555473
a576ed0ff4b19b2c864b2c489227a491ac670b84,7.265213594442675
a57d3a31b965e00aa208f4d499c0b3637f759838,7.834719946366587
a57e6a1dc883554789ef6049be9b51530a7aa207,8.481164679244676
a593667aa30cd094ca66d70dbb5ee98fc64d38f0,8.1786726765223
a5aef107fcfe6b7323ead96aed8ef74a69efe042,8.345111276265508
a5b034cb2c29d312a2e5475da6174e196cfc3c1b,8.543757463405708
a5f22a73b7cb93619da1f3cbc56febec52b1c16e,8.338797886176451
a5fbdd306fbe3003283cf2cb7ae4c371c9693290,8.2864928449192
a60f543d315ec120d2f433cdccc19342c9c3be02,8.941769640867813
a62742a35ef9194f7da07e547fe13f99bb6257bd,8.249476041031622
a632e2659eb116c7514dd825ffaa8939365c71e2,7.449700606326026
a65549b33ec5839c95aa1e9c2e50f74685ad7cc5,7.980124800397171
a688299300a50fed79edb502fb02fc503a564308,7.724523692018633
a6bd1b3de6ceb8be610c33e3a0e4a89350700984,7.248394869515078
a6f3201e19df0a0fdf0a3d878d6a8d2e50eefc70,8.090127493728772
a727c00002127704e5ae41a4a08948dc43b4aefc,8.277466681679716
a7442b91887824d182c90cd82955b97a1404dc21,7.804821104007921
a74f9942a4bf89bc51a259bdd7f5427f1ccc82f8,8.220588100082944
a75958bf7ddea02d2c0d5a300c83abfe240f3552,8.172954285770324
a76e1891c401fc5f73f6942768488b1487533472,8.46317077115614
a7e953186fda9e7bf8368e2d00a19d024f7db5c8,9.109431106275288
a819175c8808635fda7c3854536f82d90a7b31cf,7.939624985542782
a832f98e370c27f9fbc8e0caec05700a96e89a4e,7.554722687170183
a90b8415afe8507a36e7be7511fd36f1045418b7,6.71619057640774
a94238b07de77bffd5189487ac3d56b96db7e09a,8.715060618225944
a9947ca4f64f3122a22c7827ae089d48db8fd76d,7.77708283533956
a99c3a5ba8f7e25ea61f79dd74cb89d6d8bf8a43,8.621206332653594
a99ed97ee0e4d81fc9a8a5a5baaba5407a897b84,7.701605046284028
a9ccae25b9a8738fd3ce42dfb0fc5e92ca9b8d7f,8.332324985083929
a9da415ddd0567c5995957b2239621158a4521f1,8.548231116806225
aa01429991aa756b651364d54b7b28c2bfeb6c3c,7.85470435504943
aa1696aba3e93761b292c97c68bb0e06bb2f537d,8.500412518119335
aa2166a08738eb1a62d78686cce70fc5572d0607,8.471522984619618
aa2288779d4ddfe46b3dcab170577d4f5096ab15,8.258551343504752
aa2ad4e1f1035826e6351e1e801eb57c0b494267,8.946654292130026
aa8508f6aa7e91da7efc770fc0e04c471463ffeb,7.769581690443053
aa8e2b08e043c6d844c28cb004a224615af29e90,7.816454872454266
aa953585f60c1f5711c6d5159abbcaafcc89eb77,8.611252929582191
aafa3b985fc5f4f1f6dbe50b8edc01713225dd2d,9.119946257512865
ab2a1e43f425b67817553405c41c09a9bcb0e9c4,8.149948878002803
ab4899d3252b533827ab7d15261b9edb38cf0a7a,8.296180465163756
ab4e0b5338de7292c155831c4bd68a740ae6d05f,8.42068662735157
ab7c842d24cac25a1a3852cce506ca92cb8ed428,7.334837364551368
aba3f0810ff4abb82c285780965735f59dffc070,8.418406650957373
abae080e558fbbcf25131d47ef3dbea697548f14,8.36235386171751
abf736b0441172883ba772951733e73d557598ab,8.514414437618948
ac018ab3a6242492006b3ca1e0c508abd1761538,8.445995169764549
ac164aef8492a4d178d0704b602f0522512dd913,8.948080112895013
ac6104bfab84b79b7ff1f01c576e2b7442988f38,8.41619361015189
ac6522ed2e2b8a808bb80970ccffcb6572183349,8.781493213028158
ac7569c6eb788ec3ca408850d164b68f73bb148b,8.274242418868011
accf49bc7124b7fdffea9e75a869a597c4e8adce,7.470784723510149
ad03c4fb44da8b106e362ef8c65fe2bf34a385d1,8.730745635166894
ad3d8c094d5606a8005bb22a4cf910e497a03224,7.631347070948346
ad57f4feb3cdcdfbb77d4ccd074d9ca50227661d,9.093343063350195
ad77e6368d86e38cbf14a33770ca16b204522863,8.391385305418446
adc3882c435a390c34d34279b5528215928944df,8.12727836429207
adcfbf9c58d92335f9b971f6a9afd19d9feab214,8.202751723954165
add17ba1901ea9804a604aeed6ebe191d784785d,8.001121152427324
add21f371c1ade0e82ccdacf7ce016dc151a6968,8.641716578386065
add7a23a1b66010154da076a059216a13b90191a,8.654759297550566
addfbcc77f77c6c80cc3e55261cec181722e68cb,8.296903303016451
adf4cd4036fe7649e15bbc8379f224685017b379,7.664545200254008
ae75c8309bea2f4a1b1624ce50d0994d5b4dc451,8.844867343872192
ae7e6756887c7c2d0e3d26bb83045d298dcb5ddd,8.0828067620163
ae84ba8c1585fe80b8d2cc991a9cc4af2921a2a2,8.493001569653384
aeae992591ef4a9423528eb6029301cbd29daff5,7.523037482786313
aef76b2d6bbd67cf3aac958965862b263c50d4e6,8.020822383143106
af124b723c6d0d777c60479978e8da661b34bc2a,8.4931847295953
af12f06588c971f6425a28d61e4511bafff05bb7,7.828551662092691
af618fc07f8f8c9e1697d7e8ce5cea9dd4ddee00,8.76747693054276
af744dfd0234f2b89d667f962f13cff1b5d0c9e0,8.319087361848583
af8cb88c604c245257dfd33607bcb87cd357d3c9,7.561524203384235
af99c21153a5cd9289febb0cc7d1f8cbee810621,6.848873611765274
afc376cc4bc5460a941a5d21f91d19f159cdf490,7.937692654102926
b002ea316ac314e47c6aceffd6583bd300962387,8.910071405463224
b03084cbf44b7fc100db518a5ff7ef7e9924c260,9.141327451973146
b041f9ef5ab6da232256530cf8e22c31ac99971d,8.443820531053385
b0718e2faa64ff947c0ba9e9516616b44c8f4a5d,7.425551680416884
b0f303b4bc78b12a467c465db3b050425eadbf64,7.811282771016128
b1179b71e93f6ccfe9702cc342e53c5c04d2cf60,8.041623581155296
b11bdeda44addd99b9b0cdc016fcd27262b51fdb,8.6491059098226
b11c7371190aaf26293afea3ba2146f21205f73f,7.91136703278219
b152244728671db447c59ab0796fac9a423e1356,8.199549185918805
b1e8855867b91eadecefd05a09f101799008b8c7,8.344928362450876
b25340984452108c2928e20f412866a7dbf4646c,8.539261149876747
b27862a2f9590331f29ffdc8f3648dec2a7a7d30,7.851383599742911
b2a46e3625d075ff330baf8e18019e1af424bc62,7.802152943607906
b2b334fbcfc12bdf6bba8dc45aa8ade3ddb746aa,8.035005918269954
b2c520e7e4ea03898e0b8204fea068149d5535c8,8.1232468897675
b392a38d92631885c3b63500548976ac63518da7,7.668790842882485
b3946c98c388b721854634038fbd1820a7ff046d,6.883896983451004
b3f68ef83acd623f98f4a03fc633905fb2a5b027,8.954665175138327
b459886eb6e03f683c364b338a5c2f4776391dbc,9.21903631802129
b45e8d507778dab56f381a681c453cbf4d3b4050,7.306215938627539
b4742d304d9cd4891aac3cedf5905676e9fcc9d5,8.316455238404014
b51687ca4edcbe2376bc3204617227bceb0a52c0,8.735849132679181
b51b95c923fbe5e4f47342faa554cacb44477016,8.145605995325738
b52028ddeb0e0289019154f32e763393f83a30a9,8.580633454141443
b56069b7f468c9cb3ff1ed8830af52d4e2fe60c0,8.008735720013352
b6535907c852434b9243df7a0e65f04d688d049f,9.075284952564026
b68533a39390311fdd9ca8baced33145784eb561,7.958964533282531
b6cb94c201726bd4e4dcadc007dba2c69933e0c1,8.061231278591626
b6de7562a3dfc6522d1d9f86967f5159e3f2f090,8.304871600862873
b6e252e4989b3b422d69eae06831ad0bfd396126,7.963336187103918
b7047722486e995e27292b5ab1945d72ab5a3708,7.952140781422125
b722e6209f2858faf0bf80947cadcbde586bb666,8.30176519708596
b7289b3b24fd67017ed82f62a889b4c9a0fb5ba4,7.038437220237182
b7297bd49e99532695b6290f29fac82928f9e03d,8.853813708305989
b7298b0fe50443a623af9b56792b330c2d052845,8.801208612067986
b729f209cdcbb802e5f6f16fd902793131660968,7.545834787807744
b72f0fecebc0120609eb4643631055b2e7a31fd7,8.609504377987708
b75c5320a2ce606e7c46d1f82723e1e461f37a68,7.391181435208647
b7931b60e23916058a5767895b9214dac7a6515e,8.599736236175263
b7ea6b3de19afe8e98d52228dfcc3f3027f18891,8.085999725013261
b80a4c674f6640d304722f4a92eb9b47345f1258,7.639411656027662
b8b78832d415b2137aaa400ec638ca3828510a71,9.068055994855609
b8e898c506ad360ead5d4fafe6651fadfed6645a,8.01115462199488
b9cfcb9ade5f88679b72a7977c50eaca7170206b,8.055684328999769
b9db6bc5ded963759b9a1db58adbaad3314169d6,8.323098721625122
ba0b274a12a5891f98da7f012d4c757aeb822917,8.519003604342188
ba12c0a2cb367af0467e479c03507c71a805d291,8.778255080378703
ba37558e4c84bdb5486d1b3622b0ac7ed3d5222d,8.64940031856008
baa9b5294556d31b066df7e0dd8b1b0b1a8bb9f2,8.617296862959673
baae1f7bd8567b6f9e220cc863c92124fa71e1fe,8.212540845887748
baccf806cbacabe5f3a91ecd093cf36b4db436a6,7.767845946332455
badea8134ecf83e912ac6628ec12465e227c1e6a,8.427700154131156
badf8b0a0c342afb7e1eecc4fb19feb7ed28e180,7.840006729349622
baf05c058d7a427783ab9bde33f38d55ae8ac0cb,8.202984249966173
bb603e54f5809d802fec4c70df7b2c29a5125a89,8.81463671884644
bb6bcc05d3ef04c14c73ce93dad8c9ea60f5297b,9.108035758003403
bb81a7f88631b987cd15c8d539e806ad17a5b664,8.199514815859578
bba75421c48ff666a96646bd283072492fc712ea,8.046359888911494
bbaeaab91cec9991b4747c8ca3fba0981bf68ad5,6.6266509015483015
bbb7c8095658b847103c47aa2a4b55440b0e9ffe,9.17549651306808
bbf7f2c725fe4c3e0eb56d29707437d1603b1c56,8.704157608442516
bc1f0dc5b937d54fa64e44c1e4e0de0e5a4724c1,8.409232756440861
bc54069a859b02cf1b00e7ab77d68132f9021c8e,8.463466948175107
bc8caaa2729aa0c9179e8d66388586a4a8586f20,9.069724107994851
bca16481f37f3534abb04344ef1855b0e56140e3,8.376455295383831
bd18fefd95851483c8aab15987fec421f92523fb,8.509657727751973
bd53f29596985f567c39329a8f8da5100810f0fd,6.923881379665018
bd81b591d06c4a726078a831c11516d6ee27541d,8.047357433586173
bd9bd34617afb5bf1f3ff27e575c4df427ac32dc,8.59692630859457
bda97a680a69285ab84aefb75abb53676e7f6b55,7.46872620033955
bdc3fba009b4d570355de5bfedfb6766746789ce,8.430823733750682
bdcfd5ee015db872058dc442ab9d3c72518366ff,8.53484863274988
bdefe60060197430834e27ee0ecc1d775f5e2b89,8.50880975849579
be40efffa2a2ea77d3d2fb0cf1f8dd6a8da2b287,8.020407191259837
be6f4f4f657c80883591c6749a7951f9c992e4b9,8.784035361650187
be7b5a55c3a0343bda6a2a6ad09c5cfe8714b27f,8.283912523868484
bec0491f541a76e4fa31e17842bc573c812cb528,7.835925905227536
bf22fb15bf51bc4bcf3d50f7494caad62a596d0e,9.203826965336857
bf9e4a55173e6e65b88bbf4f18744ea043b07ed6,8.67476293786085
bfb055d2c2ba396d5e6bd6022719b3ade1cd1407,9.0987112582082
bfe7f84ef78bc0134134fcb799465996fa84e4b0,8.432117048080377
c001ef5d0a98bae288e504e13db2f1d4533021f5,7.667805493327542
c047e3345530b4b4634715536ac54cec9c756b66,10.947966636585639
c072621681c71501470509aeb1c51e3f9f98df5e,10.810938325821725
c084f1399d2813131b70acb3920068a454cea6d5,7.996656370564678
c096fc1d9c0ad8efae9cfd509f75522c50603692,8.438348515627274
c0986547994c0c40ee739f045a02e1ce427ec132,8.58986530682128
c0b8f55536e05f6da91c3b65ddfb69dc8daa12e9,8.434713523588924
c0c13857d74703fa66da743d1d670bc2b9957f7b,8.673335390932463
c0d3079f5b83f8962c439707b96c7ee43be2ca18,8.319820507972258
c1287b2f156f6963bdda82942a95288967e9422b,7.322952512517746
c13d9b5245d8fc600da9390192908048857599ea,8.562518152217722
c15e04639eb35379bc74fd289f38b1c9d21e2278,7.763594946516092
c162ce77f4002856b569f63b1e2b58ccd6d961e2,8.513027393714788
c195c2ea359350b81a96211ccb40d03fb0501e7d,8.162271224388403
c20545cf079fcd100052faf6db21ee865023525f,8.545947484826522
c21b13edbab3d247c8816a374ebb57ef71700952,8.223551465444897
c2660985c0dbf52fe68f7d3620fffa6ff8f2794f,8.157043128182927
c28a837bbc21a0b6ea686c34b12a7e6badbc9140,8.182136233142218
c2ac862e74879f4b60191f0bb1397eff1e157c8b,8.173258179568492
c2ca84eba451533cc357b9c82cdc4c59227ee38d,8.217640849839835
c2da78b847fbfac6920b3c5a2086c79b3a2db8f7,8.519637763952801
c2dc9b42636e453c1ad8e7a5e490654d39dc303b,8.06753944836788
c308727c618e21c478dba676bcea9d040d179f99,8.282842767570513
c3127c3c92a3d510a78a5248b4e7fac50ab81e0b,8.311446129110836
c32840e4bedac9715b49ce3f04b3dedb98007cfe,5.364625787817211
c352dbabae85680f4ce4ebf67886666ce47edade,7.397330372224162
c3635fc4a7b4545fc6df8dcad81f86d1e08c66cc,8.002932325430503
c399382ea2553528d9b44a9aa6492cee7cf0b5c0,8.564850500102125
c3bf932c28538beb5024e80bd06e09c44661c8f7,6.701075215355519
c3e73d0362e2b21fae6edfcf518063e8a28b7b63,8.013886486914055
c3fdd44aeb469416e4895afe4040e54eebc23db5,8.010772921952238
c41c79391cd0c8816cebc9a0b4ef1fcc5c2e4018,8.64666070143953
c4504ac02ad7e7e0c9ea3a1d78601374e483fc30,8.109620938471217
c45bf22121eaa2f37dfec2f58729d22394ea220a,8.534979355757395
c484db51bb8e5e6218578a71ca541b135c2aa1ff,8.517790984248007
c4dc23da121e0654017198804449e35b2e9c2027,5.577991402942099
c4f595ca17b4c13287b0beec0dbd45d0e356055b,5.364625787817211
c52befc118a44669cbf7912b419dfc433c1c0eee,7.955063310059015
c52fc84d8cd2335788c472ff6fa6b3aaaa8f2252,8.107960331010467
c5b963fdd21435b56c4cf55f49d652d92fc83093,8.458713856941399
c5d903eea354607809419b5e23c869ea16626a59,8.920784337990357
c60be70309789b39355dc612f36e37090ccad5dc,8.1343473220621
c667e08eaa5cf47dba38ac81da9c185659db42c2,8.076274016867536
c670d2529bab25c82fc7c3757cb11e7f2e404de8,8.834330779971037
c67df30ae6cf151f19df3e36d15f0361619ed47a,7.9324963948218965
c69dcaf9e10f52b187b13e678f9fe65505167720,8.283952414487967
c6b1b85455fc8ae7de258ff95875644d77f55254,8.349460547967372
c6e9fd605b75a5090b1879635a6db8da08b8a600,8.223848286136539
c746678029d2139e7658a0f94e98bbf09f258673,7.843834542138251
c757c72ff79910b22c548daf9067d6a682bdbb4b,8.826804418486873
c787e77b224890e7fdcc8e2ca0c0577657d98581,7.905988887925134
c8332f72a4f6049ef2f28e4a0fcbde9d142c8591,8.114068680048078
c846650d2b1b4a07f67e13c5aa56c15185f81f15,8.603482818278726
c87d4a1dca2349d1fbdff1c6d6a57708c1df793e,8.617006909634673
c8944ded19113906cf130904726028c5c1a11138,8.636794831199294
c8a8565f00553a00a5d510958dc8c40a4a477783,8.579728582473559
c8bd30152ccbeebb18f9b1fedac0869f845980df,8.935744886390141
c8d7193cba58a3bf26ba18f4ba5728c56ddcd4a3,8.305827048797566
c8ea10d959a7c782b45e6e83040472d432fa448f,8.011381992706053
c9c6d1fdb1bc64d7137f0fb7050e334cbb7c0f6e,8.74239243174204
c9c9df2ea1ddcc10cc57d4e1d92b2f8b33d94538,8.4780107644136
c9d7b86399869ced995a6e467a257c3915339562,8.322168604008034
ca01f93cb3384006f7af5de96bc25f924ad8bd14,8.423044611453712
ca3bb5c80bd96ba545e0a42232c6fcdb55f7106a,8.082038986053725
ca6829e71c271976a4eeae12cbba5e49f232da3e,8.456511176115095
ca84b66fa8d2c26e91bcd21dea081bb062e51711,7.739868748279809
cac291a9658d7ef15e1ef0c71b188d96eec19ad0,7.122612298748833
cb0f9c7be617b2bd18ae83ee9e85b621cabda67c,8.4620978604997
cb16d181d96fc8c94f8416437c059b5f0aabded1,8.234418657154126
cb713a14e9dcf23999265a8826e204beb646626b,7.183242309263421
cb72cf616f3cafed458ef94be529c172bbcc5277,8.40831216345489
cb7cbbf59876001661704aca5fa8d70467f514a6,9.234049484257799
cbb7db3eb5270179fe8ebb9e73dde2c894c9a971,8.408137345706994
cc1f8f78f5ef5237c717194b38699b168c265513,8.640442559349419
cc431fffd568a0d46d302233b4d71bd216fa94f3,7.869520345121757
cc818564efabc759f8cfd2e978029ff6125406cf,7.923078468385351
cc8edf9c827fef5ead4c85eabf96ca7033ddf165,7.8237942811120424
ccc7600e812ec5b6e75a9b4e2b04f00a48d1a9dd,8.37426782785527
cd1c8085cc77aaebd3c527b4ecae7e9150ce0d77,8.26548343907018
cd2b912e4a3d661cd4f500287d3bf1b4f444b7bd,7.630241145924934
cd2cc30c2a3c6b967fc897beaeae9d3482163a21,8.529530131502158
cd32daa7c1ff3ed117a127c9c185c1b53a396138,8.094812310219936
cd6862158d54e5c270e8d4bed99f73f32a721e14,8.173690697639481
cdea6ad7a63edbcba925717a8c64328c255a0450,9.087411272833235
cdfb7ea46096b2a49dd710ef5dfe7bb354cda15a,8.335350608852817
ce201bf315598feafcad345a663284bc266862c0,8.149525674932299
ce2f2072bf32af4582a24726936af34f88225213,8.69990955444115
ce3ad9b28ad26a494e6a196c110ca405402f3e9b,8.81199131624367
ce56b4a23981e6c9f70e87f087bc1be07fdf25cd,7.566962906853349
ce5a9a38579b80879f4de53eaab2d0083b685d62,8.651866302974684
ce892387ba13c6b526d18de003b62c1bfe4c125f,8.760754174758837
cee203ff00aaca3eaaef780ea6c4a68a3f8fd2fa,8.149482548652909
cee41e969faac5fdd054a726b10fb09228eb7061,7.700684687409419
cf4bc843e5bd6ba302b1289af66f383b0329d6bf,7.9873500291408455
cf5422ab2f6793f4d5930d2901e652ed7dadac9d,8.02194614129933
cf6788dceae33f7826997b7fa99b5189cff1aa4d,8.551820640062353
cf84076c807f395016eaee41297162276781b963,8.612986067228904
cf8a26a2ce3ac2cfd81a1050e73bdc7a4cd225e0,5.668602106683256
cfe62afe7795494a49cfaa46bdf17c38a3c0d284,8.228973325247056
cfe97f961ec4d2fc578ef0aaf87f52c54a9aa181,7.879418659785105
cff1765d7a97d3f012a354586ccfd49fdaf6aa44,8.125992409763505
d023d3790457d12ac59581326aff1a396b206d09,8.766676495401478
d0561a58b05777ad43db1e0627d8770d37c48d5e,8.500306343308837
d06025e3b7e91bb8718335f7328466206060faee,8.083928093564392
d08b1608a634fda68fd097f278ce9fd4ac24046a,8.217026532971898
d0d3472fa981f90d8e6d036dea4bb627c73b6592,8.385373762271854
d0f28e44db91cce7caff1db428643300dfb3392f,8.8404377872938
d11774bd10cd517b1cde216ca391e76efaf59b44,8.443937536415913
d11e42daac68288eea95d8923771a326e667b520,8.720889559920163
d13ea487552242f9c688d613dab06ea5b8a867a1,8.391113138681758
d1e238d8cc58ceae3359c94b2a4a976a975fc9ac,8.780461572515309
d20b8e96e5c520827768fe614961d0534c6f2680,8.833067661830661
d2491eb9351f861cdcd439fd5d73883a6d681d6a,7.834984130577768
d28c344507f89c41df926794e0d5a96d10349014,10.135938652242329
d2a2d2ee79d993c9821f176d9a248223ee59b3c7,8.06733618590861
d2ef78c03149ddfd267005d0dcd248adcc227e02,8.074078421609686
d37f552ad5c3e1e1c3fc9aebbea6cf50e1b9f334,8.898550059268626
d3de05492e2353a5f3a80b5ea37a6de4651923fe,9.23953657748282
d4707fc4aa22e29062e02639a1b8c9f7ba3e6b65,7.580754093801296
d4a08e7df54afbd81401faf2e0349e88ed7fc2d9,7.983145131229185
d4a5c57c98a9d8e16b1dd93042d22cc422772b0d,7.5473854547012715
d4ca57e34b4e28a3a0c73339e0c72db036894d3a,7.882478775360053
d5155526fe2b5c2b956687b34d478647ef6bd092,8.480953601786856
d5179819718a325ee33fa2096f37995ea6cfea8c,8.022675816959461
d525d6edf4b0c6362ddaa4814c3930a6a62bdc99,8.215811899372582
d57eca033aa6388430166086ed3d0390ffefa85d,8.673911402268093
d5841f944022e9ef49bf6ac9b5546dd82ab2784f,11.372464406195222
d5cc23d9ca216f0f8c6e5ada7c4e3284a3920958,6.643328637109135
d5e3e0d1ec5eae8e2fc08b9c3607cc766be6dffe,8.277182673808177
d615e34b407b1816d1ae062d56a466c1d17b68ae,7.891983806776086
d6515d627895751c832a3075053719da2f5e6cef,7.727759208694909
d66918b05a4d978f6aa15979c85902d09babc898,7.982531305167481
d66c55f4502b462e88d4529dd6b4d167fd42d165,8.143090690679449
d68718e7e9140ca136bf5e39efd7c122632ebba2,8.32806603042482
d69d2c6bc916b8d054bd50f4270a1c6d8cca1426,9.145307548452799
d6f54f87ad964bd1cea20ffceea962f8b6236da3,9.045384464887015
d73a15bdcce722312152f547cec67e8dd584a6a8,8.323565985350493
d7a319cabc8e30b748e2beca44fc575fc83197d3,8.452800918249839
d7af1840c8914a381ffae4617c33ab76833d9513,7.8807391178033015
d84468682013517fdcb3506ee81783dcbdf3bad4,8.336203083865914
d8550edf3efaf335a9648aec7584ab6acb55cf30,8.517596047217028
d8ad4586476ab6240c0ec83f3c12cd4cc7a8f622,9.099912935098203
d8cb6954aff8cc17b05a205c949f36b46493eb8b,8.451481577588325
d8cc02c7b6d2478b9f6d47664272c43801d6d9a9,8.483592160407607
d92840812393583b0f053de80ecee59f5b19bc03,9.096723243257022
d94808bbe3e5b3ffc39c8d68e0eed70929c70762,8.013834842525728
d982afe8253215b9a75464a85bb061d5d5f7975a,8.134561843631758
da37e77368c2bd5a7a9792749fd6ed83e05e2515,8.132349322757385
da7fa747f59ca321b48b414b2f884d027bc961f8,7.791481344393096
dace1e5b88ac51d7bd53523ad70f8d5d188b9368,8.005155922578554
dade8cdd2806e1efa138e68d984abd0ab1c87ced,7.894565457229829
dafd07b7aab7dad9894cee44cad55efc89255614,8.541504149210704
db4c010c135d84c00fee816a085360bca2537594,8.292008280142372
db5924e7ed00c9136308999827d50dbcecae5091,7.834497378582481
db7c4fbff4eaf7b21678b8b053a0c3dcd74dd2b1,8.512024840833982
dbb0e3f3c32292438fbd39684d9f1ad153bba64a,8.008364495892641
dbc27d6c8a04413d73a885a7b2c2d8db605504fe,6.017565699805614
dc5325f05ad384cacb2431acfa1f398913151afb,7.989673662245444
dc87f8c4ae8953d2d0bcaf1a08239547d77cdee8,8.308784745558956
dcf7777f614c11ed45f8ff82f2c44d7dd15889af,8.517580932498399
dd98462b95687767f50edcdc4758ff5237c0bcff,8.823487664006947
ddc549a4ced606b9181bc2e6e0bb75824fc20f70,8.719015012253449
ddffb03cf0301334f5a2f89626640fa8812bde5c,8.397691974545213
de163edff457321dc540b375c7b316c7f9fe73cf,9.000502330407606
dea33f83f3cd94f54f1063a0cd22eab07ec8d3cd,8.205352007470243
defaf0c38d68f9958bd180e1a709f130a999b2e6,8.553145492763147
df15664e980175f8ee9ea6687b81c59f3139406f,8.623521104339
df17da01944f34b2a6b59e8d45407c1297f9834a,8.150384024795626
df1a661311bcb75b3b3c258c46ab75819bd6d249,8.786116500154659
df42fc345b50f42b32dc5f9df420978b1cda663d,8.637012180508586
df8fb59599b421d91967aa7d053fa72e91e4f6fb,8.169692762562814
df90d9da415c30c25a16e21ca85638577961e81b,8.161109859410708
df9e2c6cfb6035fa5b26af3b101bacf64e95e913,8.63028740843732
dfc34f90e58f60b101c824e10d74b8ad0c46a2cf,8.061770716541409
dfdeea1cf0b4fb6c906a25d99aa5756efe14c996,8.614774674721758
e036815d3a8d88224e7e8a95c64ca031dd5b205f,8.014857464420377
e04a53abed6db648ac01e162aad84ef8b608365b,8.507095941778132
e07c3edba3602b0d172c2db763539dfa9819027c,8.403082260827238
e0850b1bd8f8de58096da128ec94efbdf5f05ca8,9.35217038432909
e105dc9d8869af3a83704a5d048424441ce4ad01,6.771644398070532
e13e39c815ec66160db3c75b7331dc1a0dd1d4ce,8.574686976722166
e15002a49ed03188f18c7a791c458c19d1ec973a,8.56163127747331
e1d3226bcfad8043e69d31f3d76e719c7f041d3e,8.639048176432185
e20abeea371227f8a6318491ca3c0211afbdc1a1,8.078087192235863
e25991f3bf474e9b542b09aef2407a78f3ffc61d,7.333419834174737
e2670654203c6b5aa850edf95ea9e293939963fd,9.160877417959142
e299749491b5a979701f0dedd4467ed53aaf7c7c,9.271303543117282
e2d88e3ad6275b7eca2bff120e467f9158b29fc5,8.123741814464493
e2ed5ffddf1e60198f9f138810f84b7107ca0561,7.605505558283968
e3919de46ecd1f707451dad4a1ac88e5b7403f11,7.671115822290886
e3b9460f9a4bd3f4a5243f388246084f41e0dab2,8.617691595792337
e3c9abe5680cb3851ac38d00a01c46f58b6aaaeb,8.17906704433575
e40337a34c269120bffcc76e69700d06f6d716ce,8.175470266735292
e45204eccdaf94faa580c54b1fe1289c97b1f56c,7.235580239775283
e460fd665c3f541f48ac4503abf2e90b9bbb3b94,8.043099145953985
e4935a868e50ec1951f892af50e2f5886c935919,7.224479106433977
e58eaf39ea458008043bd1472f267706524f1fc2,9.344713113430629
e594aa5283c8b2076ece870504b4b6b2e9c29ca9,8.413429245122673
e621f4d6991a537e4508648aa4c3fc278091ec1d,8.9806593525829
e63a9cdc387a31ea563ecc24b20eb824a8c54ebb,8.668826258940745
e659bb37740950badc7fac606f227ba5f74fa866,7.622474983422438
e65a627881df5d3e0bfad77c56221d858da5ead0,8.081727418502473
e67fff49031a4f2699f10d6a2dd89b4cafc70323,8.486051452766532
e6900f649459ddbd9ee38b93582378162c8d77ac,8.645142626126127
e73e06dbdc983d0a3ccccdf754b85603dd0818e7,8.638864757089475
e7b94e593e93b6fe31083393cff1d63ca2142b64,8.177611612036213
e7cef9ca74dbf2dc906e3216004a1b5e6a96e241,8.050493520164059
e7d0678e66dad824da63837b53bb0bb38a571f42,7.399992411126977
e816ed48800359bfd078c1444a40e00be6fbb5bf,7.765682685226266
e8335df6f0ac481c6ac16096889c51cb95ab2f6c,8.602456010653631
e85a79ca1bb1f59951efb5c25e40e0ee73985cdb,8.257012833857434
e85a95e2eddbdafe7db54351ce3680933e09d0a3,7.933490440849996
e873b044ecba72370076d7fe198eeaad94bef3a1,6.647775147300424
e89a4f1825ece62064e95e63475769011258af36,8.66346507586654
e90cd427d5e229999107e56e3f06953f3108635a,8.270004350149318
e92f3d3e5a00b7767c239cac14b6d9fe92d5ef9b,8.448676150740233
e95d7442ab6fb642a8c3529ef2fc8aa25a774e13,9.330703308974806
e99d4fb3ef87d5e201da3b08841541fd953af089,8.583861260358479
e9a8e1a87eb55c0dc1787fcaed22be98d9cc1ed0,8.505148234841762
ea0a8f0b0b712337c3740e6ad5293f3dc47db568,7.827884658448371
ea2f8736bbf1d859fb5b46f848db37f421181bd4,6.5799607585126125
ea385e57f5d3d6841a6997dd7af680e135928bca,7.9620624709446135
ea55b410ce0e38664c6597e4bfa09fce84399461,7.82876012095121
ea7332c6a62cada8a8e85200ddb71fed941ce876,8.38560898968769
ea79d40b446a3660b4d0b01e53fc4a14bc18f60e,8.794127371621773
ea8f19a7914d05412dc4159108d93d42a675e2e8,9.135829821982425
eaad1484ffa24b01432fa3564a8635bda0b4c34c,8.491712671854785
eadbb37222d32232022838b7765dea96bf38e0f6,7.816874356376254
eaf60b6a377c720fa7a13f97831f38531047a217,8.655045719104638
eaffaa19471bbf9bba8fa5808dd0904474089ae7,9.173986404472664
eb001120a0f842e5bbfd786652695628bd65090c,8.733032546538123
eb2a090421ba380ba6c0a8119510e031bc4e55ea,9.361481819406768
eb451c65ea210bed6af798282c2c6205c79f71fd,8.328532550894169
eb46bad8df84ccc42fb7bc9cc3a218247777367e,7.827656518947214
eb7470e41cb0d50314e9755be518f55b093a4975,9.020379401175918
eb83b2280e41f55da33ed81e62d7b8ebba9a93f8,8.487060238187784
eb870373b64f0be961f503936f7a725fca60fb32,8.363245440855719
ebdfeac0c48444c5f4fd377145b2d97e12c78cac,8.173077392033909
ebe0702c8a0d906044fbc61cf18d3f8dc9aacef9,8.284691312052473
ec62a3c21a4a116991338ac88863dff35157a1a7,7.890939497278845
ec7d2ce8cce8253208e8d0ae74991b46ce2eadf0,7.968907068489525
ecd66b9bbdcc6ae1eb9a6b765868cba3601730b6,8.453839903177355
ece9b75bda9d53b5a67f7bb53b5635a3df017020,7.9570566307773065
ed3e0c98995edeee0b0a55fe15929a82097e93fe,8.395829842460074
ed6c052a16794cf2376b1497c505b438e9af69b6,8.571849321623855
ed8ffb58d172827f17d1abead83d9b8c44b554df,6.888090272089556
ed9eaeb6a707f50154024b24d7efcb874a9795dd,8.023561199135216
eda32ee9ebe79ae7f85927db19cadc6199752dfd,8.384719686316712
edc5737211dd036ad81985e117aea3ab9cbc030a,8.323958828241512
edc641c842df448a70ce315e00b6dd4461a260a9,8.317158412537973
edcb11b4746d7b8056929a37a11e81b0fe3202c9,8.297973250429509
edd78ffaa7bc16d94ee6908b98b3d9863f492c89,8.54658762541908
ededd47b1e0c18d4af4ad2b0cc21eebcb7c6e6b9,8.365948272401516
ee30201b0b1261fcb6cf010787990ec87343d300,7.995993517081601
eee2c3c453eb64f9c327f09e83be35ef36528101,7.93670478472143
ef02ce9a2a904477907fe9135cdcbf1652180d31,7.746317755837051
ef070fa973803bec505aeb6230acdd7a917e2a59,8.167691462175128
ef5d4cc5cd7a9d46f3e31572d97bd52423bae4e0,7.698334554448924
efcf2fbf26e74d0af378d96a168c8cdc05c42a84,8.475375178431557
f01795183fd859bc35b074c06fd58b5e6623fb03,7.533193414292778
f01bb96987327c1dfec6ddbc980cfd85650f20d6,8.640739007059985
f037357014544261767c6ab5b172b246b09d3ddb,7.849953462779469
f05838da14ca1dad97a5cc0c58323c6df9153257,8.805912930196888
f0be3049c99eb84be5aae5352c2f0ccf661e1f43,8.168179014237106
f0cbea39c26f2cf588e04885ddc1a439564bd782,7.97821483151616
f0d74f349e6479eaecf425634f8b0dd51e60d60c,8.475325861095342
f126cb73dbad037e40b322f82b6f40e92a15a595,7.5163955363174715
f1299639d65fd743440958354f22154e171500d0,8.283162826966937
f1302a0b13ef669e0d797c1d4106355cc43f7144,8.558550338522176
f156718d3970030deec27298f56fc78a00c00f5a,8.059914411520861
f18c98fe93f825e2c01296bad47dc072ff70eef1,8.533507604147223
f1fb0a22c3c46fe87eaf8bdd97d80ed51436f782,8.12249441474006
f2418c1ba0f63cb975e6d8c26ce4a145b11ad924,10.781292286662254
f2c6f4d1250f2570b4dc5edfa7d0952ec4b7194f,7.983100115896025
f2d54f193cc71d429fd5803b2e4721d012afe568,8.636857670504652
f2efe01b5b7d2613529468857009a02a3cc820b6,7.413334991429824
f35248e9e95942a05313dda4f3a677705d8c651b,8.37448646080668
f38238ea1bfa182b81a7d73d563b61dbf2825754,7.627447899428989
f382c8f54d9fc494b6d8cc0751f694f0acbddca2,8.536424216180624
f3a603f5ad05ee8b8374af6523467f1ee058959e,8.74651687275103
f3a7769633f8060ffee4a0295c55ec9be084e3c0,8.75880738533023
f3d6d22e76fc586bffc4f5ac1d73f096f03efa0f,8.083218317223691
f408354e704d901dac2f283fc8242d2787ee4813,8.383665235299077
f42621bb38f167d2de3d662cbe897f5fd1234aa3,8.2738975981499
f4367a0ab2083a66a5fa812df89e590d3fd3b5a8,7.816782953429743
f440f5463ae218aef17a60e9f2ffc7dbbc45dc54,8.252067828069617
f459440c7a99294ca9763f332cd9aa09b0c280d6,8.031546072243398
f492b1eb37bae60ab4597c161e7b67d9cc9e4dc6,8.146610074042167
f4984561cc406867aa796356b6bf10a2091e67fe,8.472999512261138
f4a045088bd0003226023c10214248049d9da90f,6.625258639859055
f4c3f24024c2e96ed13a845b5ad7213143844d9f,8.178851777950248
f4d9301713b16c13c174f19e18d0200175494a79,8.908499518569172
f5674c61e82766371ddd913c99e6b70414f4dd55,8.126532812267957
f59fe9b15a7762aa5ffb0653396da3f4f2536553,9.768374882929113
f5a2b63a98287f49a07f6101717dd4c1048b9903,7.725565005471287
f5ede5df58c2ea59be6b8c8097659bb8c2e9d0e9,8.299044686756709
f639cf4aa4008b2bf51b274cc01dede03666150e,8.351717653706086
f679eb92d1581b842e213a6d2a8a74a0b9ede984,5.702839837860024
f6c974c003c063735fb1afcba0aec50acdb89861,8.053705630647725
f6f5b15522aa9457158ec6d7a16caaacd6cbee42,8.341640981074
f77371745c51f549f9a641110e52f255aaed0f10,8.32273127689371
f78599d53dcb621a631b8dbc0feb5dd63e2aedd3,8.333285563254169
f7875ec1207504a229cd9b5ca132437c6bdd6a4d,8.636230998526115
f7b65fa8dfbc07f71d9e206d1e1fd35b986cab65,8.006575566944012
f7ce1b89f61b8a40a961d7fee02ea31d4b27583a,8.455937039242974
f7d331120e9b3a15cf4a0028849bf050846d5d6a,7.966354223614806
f7e7c21b753521a3f4eb226d9c69d71214e183bd,8.43424826253116
f8526194e3d9450a847706ea1c474c9e1a65a3a4,7.293251115031621
f861873a2af44519d0c30b7b390257e28084c360,8.510015669767656
f86b9fba1d59be7c864d4f23d0c7674113a27cab,9.672255345522364
f8da0aad0792d4f2d30881abdbfd4029dc264842,8.022523230343149
f90fb4df43d85aad3ae9602aea19fdb4f47de984,8.292632189336048
f91758fe4f441cd4b7b053a03252b4c50f3d4737,8.73420578998785
f91b376092344f19705df8873d25aa4a34bafce6,8.643770557291747
f92e3ec921384713419dca56d1fe2be1d51f1b54,8.394145975436615
f944b947ec651ccf64807b644af38c6f04229bb7,7.889079421792961
f947938c0e7c1345a488d9f17a74331ca6f478dc,8.598236237073166
f9491b0ab4aee90c428545e0e315a3af1f827595,9.216689763854164
f94ac320b67f53eb86a68cf30fcced221092e7fa,10.734097106567237
f97b1dbd007f20fea2e262e62433e01ae91da602,8.23722912328683
f9e06c04dc036b01f65e7f71a9201922f201dade,9.22592549245113
f9f4d4ef2a3de006bd037db9eb160ab8e51c79f2,8.471862521506557
faab34a8374299678ccf4eaa3628cdba3b65bfa6,7.892878577655923
fab22b3c9fd685c26953a5ffe073c4aa2a788c7a,8.20862858610728
fb0a2834f5f131005e12dc1962056623ee6a7188,7.813436416348352
fbf5d7997f35a05b4f296b7b70b08866c13db856,8.143267554084488
fc4d0cb084cf3b98bbe820a9fc36fd437940969e,7.884085079651406
fc83d8b4ec86934a2daa128311afedeb0ca5fd50,8.65074299419518
fcd6e54df612c033e7a465155046b5223ca4eee3,8.003894578076494
fcdf51cf37b314ebc57038046b859b3172117f4f,8.508546819746854
fd29d68d81bf469540c56ab7074ad748cd72203c,7.406386641507035
fe31861a03511f91760de27adfb8803e8ad321b8,7.418791603546759
fe4316169ee8c83567ebc52bc629912ff65f14b6,8.125653581640659
fe516d090eef192c93197ed87878da0e23908140,8.720175540848482
fe659e147194c97b69278c8effb4041297398009,7.813751418970864
feb8a2859a011c59efd22ed419cb69288fe03627,8.464920503361057
fef4a3263ed9a8ab14d457694bb8fd86ccd98312,8.624179195358964
ff12d6e2ab80696ed8e22fbe5497e96c68d29076,8.972002106299529
ff3fa2ec64294f37ae968159f810ebeda7966c51,7.862130377040769
ffe872165621d735a48bb5db0c71dd5195cba359,8.657579994819066
