student,predicted_TB
00b6dd4fc7eb817e03708c532016ef30ce564a61,6.801903033818192
00bef8afee8f3c595d535c9c03c490cac1a4f021,7.196894637370747
01122b3ef7e59b84189e65985305f575d6bdf83c,7.476299749837875
0134f9f410c65ad0e8c2254a7e9288670e02a183,5.8784338277952575
013de369c439ab0ead8aa7da64423aa395a8be39,6.940938040315833
014c59c6433fd764a0b08de6ffeb757eaf60aa73,6.203096839497881
0155f91fe242fe55e1af631b0f0afbe9938b185c,6.60776763336108
016f87a7bd87f233a8633fba8a1ca7ef5c3c63c1,7.669050548555237
017ec1bbad0d598e5a86ac3bd595b870b6456e61,7.389147089693862
01ad03ec301749c033155fc17e657cc767d447c8,7.33243408255659
020ef1c31cb4751bbfa1a88fba782db3c402e2fa,7.251315850255483
020f253c343856ea875e959023e79fb1d4d9c0a3,7.204929956564034
0248e16d134e1bd5b4352701e1f23b904b7c4cdf,7.698375228850372
024af5e4f76c23e7f08616c60e595453e538a1ba,6.856597560087102
0297fd76b36e100882756e636bb03031255f57da,8.007171527736109
02c88d535d7393d30ce3338174d0a17ee7e8b8cc,7.621615403750362
02f8a629f1a01a476de3944da2860d1c107f1b28,7.77027969216521
0304aa9c12a1c900dcb4413c6a4ce40cc05b1696,7.553648919459496
0306a80129ed6d5afadece8164929697bbbdea69,6.317924823171509
0341249377940c004d0823408ace7cddbddbc923,8.065763736259068
035f97702f2c01d26ab1fae8f39ea2f98a0caa3c,5.92911610223622
0367f82909c46a900501cc32d02b913923f75314,7.508806883320618
038dfa39ea11eb199e32e61fa4bd264d6d7ebc72,6.357166469549677
041dc9a457bc7a9f1dcb5b215aaa78a6868483f5,6.527923078456298
045792bbf5167d31c0064c8520d189a09f276502,6.63194302619561
04d32bf7b10a238244d3e1acc3bcf53a449daf99,7.9278018543853515
04fea422f4b51279771239f896f7acb7224a2def,5.987996650811641
04feabadb3e2d863eded075f541be8ff78d50474,7.489588260945334
052039d5c5915699359b1d549b36ea69330c0ac3,6.585025739608238
05203b8a827f60a7cbb49a7d04a0b45dae39fa8d,8.117371217885706
05218d5a6d67f5c1d6305dffb907e940260304c1,7.7146849750117505
0538762f44e8dfb07dc26c8c771f06080b9b2dee,6.75872032222345
056711f171807d5b28f83e7afeb3d7e18ec3a5d9,6.998704453555462
0577e3c1b0a6df46c7fef07f400b42811cc77250,8.109058546399895
057b868ab03f5596f4a8c2e579c401f2fe9a2dfe,6.960617261420751
05b134c1a682085880fb7ce76d221a48955e5b8a,7.227400613071394
05b7c7d664702d3677ddbf5a03e976e24b16544c,5.351864099011852
05ed34d40112c0d0c446cb9c00fa6e14851a7aa1,6.401499024324143
05f7b04136abf33daf80973c0942a91751222e1e,6.061449052022414
0601ede7fba3727ac6cae3653b12cebafea42863,7.334247297534707
06024da8147b5cf6105beb4c403f67cf1ff0aea1,6.66225592491813
0603b8a222e368a7727190b2883c7ad7b96ce5ac,6.384107905152488
061a128e882272cd17340c8feb637cd0ff9e5dbf,7.193207372268611
062e8c58d3f85428aeed19095d12dcab6806f2ac,6.9880891539882555
063c339a318b967ec77cd523f9ae4c62a7afa083,6.2308778410017425
06490d06037ae75484a0a36a7a46e126b0b49495,6.8829078543793685
0659d0431565eaacdc601973560ee8331f910947,6.61762817775561
06b43a9d40f16603a72a6333318a5086b7bb7e12,7.324878543005064
070671333adf94dadc433fcafc872c6301dd0744,5.268856024118034
073de6e606b6b7f3f44a8e8301ee87c3c978a2e2,6.7261260985299645
076cc92aff4d582b4b87ff0d111496e4a646b12b,6.417484899502
0785a61c54bc37c6ddad3c02b29d1f9e15adf85b,6.651834868326073
0799ab89dacde8042474f7bfe75a739fd151b73d,6.108520438041261
080df7c3716ee6b773c346c67056400fc235ffec,7.30561402333203
081cbf0e54173c1b4c90be93a514521bc9c710fb,6.727876395649899
081f6737145108d2cfb3e432f03d59670bae3ded,7.0933116834702306
0821ac06ae77101d7dd9b8dd103f79ffa46657ab,6.857974585530788
08399013cfa671c37b50b71ef25f1b2fd606c009,7.471549287774895
08838c74dc4154d8f49b1408d27fb46ccb92d329,6.4124837833670885
08b8ccf18df77b125fb5306e9ffb55ad284e1872,6.796124717130567
091ed1fe8fc042e202205f09f3d49a065c0f4da2,7.036947009288747
092370bceb84374c83ca09e8d8f93c837d923bc7,7.964868583341721
09cbbae64d03af8ca53224aaef7657171ba27f50,6.95803413417565
09cbe188b9d1e965edf6c1c46a96b9306ec2f329,5.471414798125879
0a2c78cee9afdc522c5f0fae46937138f47b152b,4.0848137345187405
0a99205e11c0c6d86b348a926f693d6529e0210f,5.336536402407918
0a9b6ec3e82e8a2527b21eb3420a6d9b72f4f71e,8.014055848716835
0aad9682c3c4280eb05dbd27e6cab55f4b1ae4b4,6.060992387409682
0aaebc88f6106684d6993c156104c1ef36cf94e0,6.340403241405479
0ac20d28419a43394bc94b257c7aab70e87f1675,6.48953543400132
0aee33404db5dc946de8c70be37c6e82582885c6,7.778404406240799
0af47eed4e0bd9c21637fc39db8fc17fedb6b1c0,5.885593074424968
0aff6f7083979073168bbdd6c227015eb09eced9,6.755637827029903
0b066d297dd2f4288d95b0f4a92a8af79b542bf3,5.857910665030855
0b18b1d653e0d031e1aee9129432b668c4264d3f,6.795946434693751
0b26c12ecc1bc4c1f127d5e6f6302b1b0b584faf,4.607432492374681
0b4355398b9c16ac0a7f559752e83b655f5aa6c7,7.681412412981709
0ba5c041f797e8baecc5f32034046994b801cbcf,6.113366960707898
0bd2037bf68a97753e5e67ab55dac026a649f279,6.3735175468520815
0bd4c0cd006b55dbfa7806aa4b45926119ce9540,7.121577810619749
0bf111a9caedf02804f6991792490e63bc21058a,7.470486791514589
0bf71ee0dbde0fb1033887111d3094c61e66f44b,6.908262273744496
0c67423aa82630d4406e9477bb7462db4df09c4d,7.941876394524726
0c9cad573ea42e5a8d9058b834cbc9255128d54b,6.691515854215735
0cab57d7705bafe60116d29a1019a774cd661f02,6.69042923798622
0d05b13c0460dbd3e3e99537d6eb4665b0dd194b,7.529219017113173
0d667a9fcdc7162fa7182f0e14302a56dbe700c5,4.9486772686079386
0d815307d5307124d148bbebfb41497230c4bd15,7.147065932503196
0dd138a9a2b0349ede3fee340cb02e40197aea3d,7.368620547530987
0de8af23bfda13f21ed67e41a5aace53ff8aef99,7.102761198254483
0dfa65b4dafad47b15abbfd6c6ce1aeb213901cf,4.067565615505046
0e0d9e9f9bc2173402e77be7eaaaf0d562168009,6.00135045082987
0e346c62a6706465a1c49c59224eed1cdb5f7f5c,6.4866047561815
0e51dc16b3d9de6cbcada8abb58ddeddb448b6e8,5.671991542809581
0e63b2194be2efd4b5b5f2b6e2d77ac12aaadec3,4.007828275067778
0eb93817d6eb3d5bd3e44dbc75971eea193b924f,6.820682906356362
0ee9ac569e379f04a42a18c88cca093ef1121ab8,6.723081948149728
0f0664021ebbec70b1d3bb5a5419e22507179671,7.550911196085333
0f8c46242826be3cbe5e14f5773ee1da97697024,7.965016437487861
0fbb7000a8fd1f413cd7a06ec7baf2b1f6eb493a,5.946717072901268
0fbef055915162cb6d6501558499544d6dedb799,6.924898762200171
0fc728b5b267485042d587eeac067b6c4e2a1d15,7.611857685254278
0fc74820b7bcdd23c196f494e7686305acbdc71e,6.044601249978824
1004df3c370eb09604c10fd89f9e86a2c037a7dd,5.700580056287118
10208a0e6cd46ed16c4fd6b83f3993696ace5495,6.801816984532901
10253729dc5e3b0b2d3dddc37638199910394daf,7.167471576312723
1032e725ab35f7bffc504759477f8243066a026b,6.6544109934492
108f1062e8ab6d51f404e7f639e781edc9ae5eb2,5.878826658353917
10ab3b376215f6afcfc642ea66a50f92cf944717,10.305169530417617
10e3359db56b99eb2f621d7c875f3c26cdd01a64,6.442604713168958
110da1d7ba2be3ffa13d62c7ed8b917e5dcebece,7.460072928150949
1133fe0ca8444133bea1e55ef5b4026b5e8445fc,7.94405441793914
117d3bf4a5deb7a9f3422f088e10bb3f8eeb7e12,7.342549378804463
11f5d8226ebf0108a5a4ecad896a990ecb369247,5.936066904096163
11f61032ed64123d44a372930101fd5f3877e010,7.127021596363819
11f93249faeb096567269266fbebfc3b0f6b5dc1,6.60332908426992
123c4ff5313ccf709b3bc4bd3365087685440c71,5.550477161886247
12607a7c2283944afc08e1ce4df79ba688a31f74,8.035478634788682
1271071dc622e3a72b0ef187b6e955b9d59db5f8,4.608209159175268
127974170c7fb2e3945a3c5b666bb7f6dadc87ad,6.986070389813539
12887fd9a4df4ba9b88a71f3fb1d2502a75995dd,6.879666648806982
128ed4bebb12d030efad936db13d26a620bd620a,6.584608328225866
12aa60fde9ce650c25faf60398d3c071cb80c1b4,7.355523243480749
12d6e24985ac80a581968fb1f36d699e6dd1cd33,5.976155817396701
12da07c3cca4f480a6064f7cbedaec11d677814a,6.193341228297015
12f1e26c28f731fd2ad1787db42f4c13de432ea4,7.334340684198827
13293554378a8a5f29de5440ab1c49003af0214a,8.394298596452339
132d544dce1633485350dd582ed7f13fad5da3f4,6.4164574307108895
137ffd846ed245676a14f1d5e8676a4ef646182b,5.850610270586126
1388c66d46212d87c084af2a8fdd0257444ce868,7.0702747495925475
138c5848f009c004f0b8e2379316d5ec18332ff8,4.8143757376473415
139aa923bf965f373c678ba8c10f500d78269e20,7.885929432070258
13b9e4710dc86e953960ebd2fbae7721d24fdc2a,5.969214111588711
141e7bebd6db0745569c97910301a67c9962826e,7.288266290123646
14354d2cff31b4330ad9e939b18cc8fce8c1c085,7.141859195394626
1438feeb138cf0a2ac3e5583f5caec35e3104234,7.376714961808629
143fdbefc9ba427b841fbd52b7999b2a996562af,5.92835859714427
1466659761d4827040ac1226fa45ad172c4743a4,6.888899554308092
14a29b0a13697ed0e000bdb9f374180ccb495a2c,5.867413100358464
14a493d035053a109eeeeb50a501d2b69a8ec429,5.70541795507112
14e9c7d5220ae70aadd1e37038e74bba41439d65,6.0764983410748155
155290f106d7951f353d1290f55d95a5a1535e90,5.5506552057798215
1587f82c10e4a0f4241b317cba4fb5691bab07a1,7.088440595086781
165e4e596c3bdade64bf0bd2491fa8234015f0d2,7.056065749383362
16a221ec975ec0eb2fcf4acd69fe87281d585ca7,7.360369369520392
16b6e419367318f9a3a28439ae013d55638ba0d3,7.237424787254464
172ed6401f9b9f97f6603c04fb2be3a83d495f12,5.227682853198589
17b62f15056932dddf225da7f5e30911e316f7ed,7.327060070703592
17ce312f66b2f6b7c5766e4d5cb1f7452aa20911,6.692690762607036
180a4c5f90b6d7bd4993c51385fb00b4d32d2834,5.620221632309174
18fc5492e3a88861f35c23bbb2805f724c1a135a,8.008310654590078
191ba6c8fd27e676f8c2f5341bfaf487765fa0dd,7.229554893929798
195aa2f618f1001a6ca4da0300dd8bb798013a73,7.755834912254386
19787a8ba9b724902ceb45f483190f766e9e291c,7.531673310149648
197914fcc84fa89dd136503225f5ecdbecb2600a,6.361490739842681
19bb25163e0a13d6d2b1606c92e1366ad7fd8341,5.864183955170706
19fb6947af793def84e3b7ab4f867bd460ad1b73,6.6350526372918734
1a116d1e7d5af20a32ad9d0232b6803c70f7978d,7.284885731944952
1a4b69992c879b4e5f64e848ffdddc2f2f401e44,5.380036869736041
1a651a0e1038b173950ab2be4fb4b3016d617aa6,9.255854301454784
1a68900dd1fd8fa7892cc9450d53e991ca241785,9.969777006374624
1abf62f1e76bc5ac164061cff2a8171d6b6de657,5.889385885676979
1ad3d49b185ea0e42354cd94ac86c60ae982616d,7.664854129747447
1ae3ba4f07f87302215a9b35d195bfbeef187ebc,7.08593390745712
1b248f11648c9000f277a02dc5d4bea3800ba43a,5.678301134876425
1b30ad6d355a521cb70e2eff2efe28c3d2fcec9e,6.2118765214141085
1bb7bc7fa80594c77e224e8f9632c765f26838e5,6.856385649927583
1bdf6175e8df831b083615bea765e48098904986,4.933543138576946
1bf00adb6ad4cfbed2cab01bf71398e1ed9db042,6.996841779366993
1c095c774d9d1d3a4ddcf533186e7146fdbf92a7,7.265860583803838
1c34dfe9c77773e6949a4d248b25897b3f78349d,7.668980648233754
1c38445c67beb9a58777c87a9c059cea1ccf2223,6.1661093883096605
1c3928fd78413712a00cd78e6ec020b2cfc666fa,6.104372915404236
1cb262ad711450f9a6a0f5cf786788b17d2d481a,5.751100348657582
1ccece483f66d68acf592f017c1b5ca6c682542a,7.718302384733173
1ce192d1bbeca43c01873d6cd5a6318f4050fa56,5.720689945047717
1cfda392887d01754199fa5f5cecf6ea3c9b0fec,6.988539118779738
1d1a20a6ce616a1b0780f5c86f1f6cf9f7c9a5ff,6.603978852051293
1d2f411ed3ef95a96dea54ce6a09c0d0b65b6a7f,7.380802034716002
1d5ba7c1c8ab8d16890eeb1772560ab942c42003,6.548963901181386
1d9024c71085dc3822bac092baef8b238c3b497f,6.648674564775882
1db86260a9c5f649ae36ccd97c36920df2d51d20,8.073829737887253
1db8dc5d1005cd6d742fd9bfba759aeb2babab66,7.620063621737136
1dccadbfae8f0adb300cb239e727b2481e2b149e,6.622319183581263
1de22c51fffa76f33c3a7698a3f7a9e6ab6be9ac,6.9672574438874335
1e055a4ba4266c760d42cc958ce119d344f402f6,8.454010053177306
1e09b1a5541a443716e68239b181fc116425a9b2,6.509594419360804
1e347993c7fb0053ac2a1b01b6b6c5a5fc3dad9d,7.042494447808886
1e48d7fffb4fbe08eec6151ce5b2378258d13aeb,6.241664009353503
1e4b0ce4b171b3e33195524f6a6425a1b8f98597,5.74091256354979
1e59ca9160cbe32a3bebef6df4339e30a16d0dfd,6.69220525981465
1e6562ac23e7980dcf32fa8963837c68dafc906f,7.31686659373387
1e87dd3db07a664f4eb34b7e0a3ac578ca8846f9,6.326107427670864
1f15254ccdc062083c8f4e02523e18c2384dc6e1,8.197951701915773
1f641156e4298943167e0e1ad7a63696ff3bc17d,6.971820164966916
1f7be2d565e2629c4ffe64c30c41252de69300c5,6.4074388821527775
1f88d783ff0c3a19a1d34b4e45d71b4f9b14b976,7.189594590690011
1fde2156c0969b0aebe55ebab7ad14f529a492cf,9.381936858993882
1fec28e4753dac81fb5354793029a3a2f81c7b7a,5.762781315169734
1ff3bf1f9353578bd902ce0b3879369b46c72640,6.037988770871907
2003e05bf78d3b5b7f672aa1d02ae3aa0537706b,7.563831687586646
201b7f1b1071911915956b1d54f5b7e69a7d7cb3,5.796370028502648
209d7c77e7a150b6990a3372f7cb24da0c0e7e07,7.103203927975216
20efb5f5c748870210f094db59aa50c4360d32cc,6.37159970062999
213a1a52e92bd478f671a4e614a7ee5b82ea4b91,5.257871932191719
213a48a8028d2dd6ed42c47be4588ac5a909076b,8.129648489446515
21661552706810e470f97f098927a2b89d9b9eaa,5.9514361511053835
216a3ccb8504db72c0b5ef227b00d61d2e2ec7be,6.300732806854918
2170453bef40f448016841b0ca5ad2e07143bf5a,7.174605863192813
218191f4a8648e65ada28c23f52f578dec21cd98,6.3097075594613
21a401ad12c3345ca4c3210d5d3c69db10526b98,8.306683852909565
21ab308abfa9829fcac76f8286d624afae8848aa,7.090756773513689
2290b12e40983b7635bc452c3b6e00c80549220a,7.237075019977361
2290d198e0649ef4dcfb6cd22d36d87969fb7bfb,6.70983510595402
22deb5e56e580b0b0353f10e076cad95a3b8e631,8.091089954597976
22e1f50c4e471c3ba307802b396b7d0a16706005,6.630782546076895
232cce96362898f08e9150ba244adaf2d6583ab2,6.823530946286772
2383a9a33025aa8759fee9a890f6420df0fc8b47,6.273400152301287
2396ff874216d36060ef615c0531d71684b30b4f,7.637523400883017
23d64bbdd55f11cb1d617be60d7b5901c5fda2e6,6.794998611670755
23e8b9776a349c810234bb174f7326d14c89bce5,6.578615771413115
242788be909743713c5ade123c9f0b13cc4b2db6,7.198489564519954
2427d12cf7a43c66b921bdd9de261fb9b452b2b9,3.8177139593161216
247df99ea72a42d6c12d6bd7b58ca0b2e163182e,6.246547114823366
248ff20c10b7d18c30fc84ce214936f5bb440e6e,6.603222683824427
249c629226d7716b59d1841c45dbca54afe3c1a2,6.519302594271583
24a9bfba88ed640e9690cd9f6bf4a2985f78522b,5.480903813878717
251d2672c6ecd01a83e6fa19483d8e57ef5f45a5,7.953372878856273
253471036c41eba7c24bbb6e77d4541c95bbb5b7,6.259372838566113
2536ee746de2df68642ecf71037409e47fa1941c,6.423340448440022
254f59f316c0c9e98ce4d4ac6cb1718aef6d9f00,6.412910834652691
25501bb976f5234f69a8cb767dc5b4ab87a9021e,6.400963008713956
2572a6a2ba5183ab68c3da80b69071a6a05c3b84,7.423192471422466
25fe3c7b5bf2d814b49ed3523b5a27c744ae5513,6.659230321581303
26227f631ff63a4f02f7d69bda90131df9bab5dc,6.445452343232592
263102b5e7fbad9de96373d99c0697d8db856bb0,5.085316006164936
26374d5fbb53e326323e8de92a0745452c1142cf,6.621571395971368
2639449829463fd12c2b9ba6fb9ea1c56e94385f,7.682308006676298
2639f9f46c6949536c784118cbcd036cd00c075e,5.427855397791598
263d37689dbb1044d8118782303415a1eac550df,7.554974135441492
26b95825d4fbeaeda7cfab5f5e7cd96ae31097f9,7.384675859959939
26bf2e6d5a634712af2f46b7057a83a4052ce9b9,6.83842677329259
26c932032169ad849d274427dcbdcfb190f843d8,6.283264625184707
26cc2520b79b2222de0037a32fcaeb81c09f3002,6.635347691534509
26cdb442f5361c690f8045caf5e026e7945e1965,5.876239145946579
271c95c3471c6588b4b9ccda962ce197fc94a9b1,6.246114319224494
2785407c3fa2ce2c79a914657d9a4610ae1e5078,7.067644432069242
27ac09df014fc0454129c9953b06f2dd9b997fa9,8.068221547348108
27d6037b0e6ff9972c80bf6192062f3f2e8b076f,5.565997130657065
2813d0ddc37e34a25e798ebf8c8ecb2fc659e8b7,6.082374971041739
2826a109ddc9b90686ec063ba1f90c72c655f8e7,6.404203408520212
2852641e2b7b084ef62df976d53340ead50e5e76,5.899995027193623
2855b4b4d03c37c94117e615a25e0e321ec8d77a,7.117632642759049
286ccf0d6187c170c299fa64d15a3705e7900a33,6.72177634360161
28940a6516bb354b4172fe3524f8b7328a5cf2fd,6.183833964132332
289a5bdde1fa9c49f221f19a10f636e81da724f5,6.882356867806994
28a0f5e69c747c78015cf8fb0eac804b9a733bb2,7.031035964626221
28a125bc7a4d79ba10eeb2abdaa878d46eea4b32,7.984638012824422
28b6c6604b111cc912e369256cac2bf944041a2c,7.613384614429811
28bcffd0bfcfb54b43119a7b5397a3bb53278e9a,5.496808796131363
299ff5851760da9a9d8b8f218dc82b573a397d51,7.90602032257273
29a9c1bfe53383e21dc534379f5fd64c4efd4305,6.613669061228012
29c9f517c368a528325a1e38b51adf368923bb04,6.939253945857067
29e04945ee56ed79c4e07198c0e66375428284de,7.100560990545636
2a6a418be08d9f0184a804b2700a0d58950b219c,6.730787172597653
2a8f1b3e408879bc12a312938c32061d9e29a4e9,7.2873783285926095
2a9497dcb278dde20143d0cb9a57e5cdf3763a8e,9.01616934286946
2ad77f650b2381bbdcc0011fe5d9bcffcb109831,6.708478651617898
2b1f3237bb60db7f72540e004a1596c7ff3fd549,7.235636945188565
2b96fc96ee2e0090a42957d84ccd09cda2c72b74,5.477720854961641
2bae7a494d77c9c7cc0ccdc65a1915d25e31d2d5,7.915660640405454
2bfadd9c6a7bdbdd1ae792e0225b799ee67453a5,7.189336598675211
2c93a0edb553ae495ba9ca047361240c278f6cf8,4.437762301516266
2cc30f03509be89ad3bfd483b2bd69c999798805,5.7940577169315866
2cd5132c3c49bd9d4d5081e386a4d69a593f850a,10.283500353408577
2cddc42a00117daf32501cba07d6dc181de7ed24,6.638302803549869
2d450fbabcb95dad1b49ce3a6c70ee6fd9ed6c68,7.347459307681581
2d621dbbe38ec756f71d3d1ff5b1f2de707330be,7.169991745124757
2e171212b96d4d95e0857baadfdc55455113dfc5,5.507585417298264
2e1dbf534b47dc518c2d4d577d312f6969d9e6b9,6.2066604451093355
2e22e4cd67d6f2e9f70782c69e67f4d15bee7d1d,7.694668824012617
2e2fe98cf7d490aba85a3eba367d9512bac08ce2,7.9251546514846005
2e8b47e527548d947c688069d4a5c60ed67ace19,6.602459856026939
2ebc44186d8093752e9c9ad97b67114006718300,6.962723208166106
2ecfee45346013cf126b75cfc8bdd2ba3b0c2666,2.3344455095791092
2f2abfea66cd61a09939960e751666a2c0913430,7.4990122246772035
2f465acb00ca28cf6a7ef4b71b4df1208eb8fc8c,7.769951417867212
2f4cbc9afdd23132d572c5f7a81b4e9b19b8081d,6.596266117297432
2f7bdf97a5978e8b7a4b3f69a474540c0c38498e,6.4620261332274564
2f7ef2d7fa25c0f8d9de0a5ca7301041b9d08e4d,6.622120334227461
2f968a678a61cc1179708dc2820405e288ca9c67,7.081818695783172
2fa2244e6e21b8799c5210d92f8966838a43783e,7.650057190384924
2fa311a94bc0da6d97955730d071ad6fcc770bfd,7.022291472302087
2fdf9d089409fcb9c3728b0a61bb0a00fcc85db8,8.720456029877957
2ffa1b41cbeda2e9683f9d608b9dccdc31323452,6.3265771629146075
301483d94b9efd8e7d95ca45979a6583215c1d58,7.00757544387332
3015441ae521554bb4d04b1e3bad620170a43d79,7.931289822214285
308b8bd2a17694ea81d601d025d5cb4ea6fc1fba,4.4680693570231185
309abbd71d6dc57c03605bdc4ffe90dce74c4f10,6.389234864965157
30af7a50bb0bc62e730b65f59788dadf102d49b1,8.09167476295019
315b83340476d3a8338543ccdc95dbc86bddb3ab,7.603385085724603
326a025b5c23347b9eb2c5ceae75a5908a461f69,6.27129885589312
32991cd9c0115e4bd4387c8fa3ed559f4eba345e,7.527364341160214
32b47658ae606bb95f1bbf1e1dc86accc255e926,6.207505471400433
32ccec47f44931be75b93c598cb145c4803be980,5.722026576728854
331639421af1df525391f1013c5363683efb9f68,6.279037021045252
334c7722802329509bf82a5cd7b4a38b5825cc42,7.82994569608665
334f25ceeca6e440b1210f205c253cdc8d25942e,6.3918431912959965
3399fb9cc4f115ff1d6a41cf169d8ebd200c3418,6.375271930847612
339fff79c43561c995b29972a962ccec846c599f,6.740426046426335
33b16210a7736a6f75ef1b1f3cb7070a4d29395e,7.899840226165371
33b6ac5e8631fb9ee19cfaf3dd4a93928d47bcc3,7.087565736836057
33c1babbdbffe79f6f16e085a78ebd0b2a7b3a65,7.5992457961864694
33c8bfb97b43132f0054b97a2ebb0f5f3768031d,7.909466946658826
33c9e776300c7de11e0736b069b8e5042372d418,8.290005117128349
33ead7fc0a3cd59c67bb412d705c5f5b9cedccfe,6.610736697369371
34283eb36b1b51da5126f973e69199151b8f26c2,6.730942269344448
346583cc308681a50145af444a26fb217df305c3,8.394675371024187
3469c710d9f5a4ef230caca3f99b1ed21411732d,6.0788500262877
347b6f40dbac97bd24c857f37744f2c4fd590cc8,7.072040860957681
34a00f81f528b38404f04d9a360e73fb17b62031,7.488511837831586
34a187324e5c8bb2723a6f51a038acfef94a7538,7.6900520201997065
34b6d0f0fe1617146945db60df615d0d9bb3a4d1,6.821082697672333
34f6fd0da81e68652a26b633fcb7d4d4169e2e75,7.99574360750428
34ffbe3d2820a74472b93e9dcabc0e17f75e779c,5.152567718568595
357ec20d8f9f416f9b02b0f54a81d3f409d074e9,7.027033783174083
358cf36e763ba00426124c74961d59614fd9476a,7.131595131875047
35cc3e4b8108e6eb405c96afabb167d6c0f9b50c,7.453638334500116
363d3494b7918fffc4e59beed6c76eb7d05b2c64,7.053532266806242
363f5d64f8c70c78376d1b5f9485511daa5a9d8c,6.897832589590678
36a292355e4b31b866da368ac2bc7902a72d4db2,6.094632372736852
36dbfe4759f861ee72011812df2178cbbfd736a1,6.811503238113496
36f6af52bd08c15b005618724931a558fa7049f6,6.017830603707146
370a904c5a7deb4ae08f111c87564b0180d572b4,5.097167748150406
371922831538deb39791562bd384acdf91531999,6.322433669551688
374725662b17c0d200a5d372579406bb4d830bb5,7.079538381084149
37593f2cd1d978efb79e32ed6981b74ad8523ebd,7.779127046051665
37fd8930995a4978e8378d28a84e0aaf3ad85c2d,6.864223229200267
37ff40068998a37a4e2c73bbb325103500cdb0e0,7.1826094898647375
3822d529be3c7a49da411682207b471d61822610,8.161117304444776
38397f1c58351146edd1787b0501bbdb31834abd,7.0001896194512545
3841fabcde0188d8dc9b3060cacffafa3450ec85,7.750393748877025
3853851c5433317284f37cd530d642560effc35a,7.042000387960431
3886b365ce33e5988c6c8a73eed09ac8a7c784bf,7.552463913094666
388c0aed9f437cb576f998892257a1a9410d1a2e,5.480378782495334
390881963c5fbcde08d9cbc2ec73846bd8eabaa2,6.6465782857290305
391d18cff3df066db6fcc8dad718d325607e5493,5.8801464899938996
3949c822529f6d98d518b762c7b49b030685ddda,6.977798230743063
394f4eb7fa3337f92a1148e8e9ba1727995bc8f5,6.693253568854708
3954b15205238530f2cb3b66db735fad6d0c8fda,7.0784939385881005
39713cf2db02601e4bd6360ba70f8013c0433f48,5.929928233615408
39ab839c37c0269b14691b473ad894ba12e1afbc,7.746375377623138
39abf25961f2094474ac7c9d9d85735ecfaa10f8,4.301486929557858
3a1431fdc38caa2d40fdd0df60f76683af53a729,8.182082431092438
3a25a7b40408f3636b36d763cadc72c5ae6b628e,6.719723652317211
3a27f4f6ce9cc005a8f1a5f7441d26db75c9cd2c,6.938493374592639
3a3cf426569ff3ed1638fefb8d0a7bca73e0bdb7,5.748212071890958
3b0e56cb91cf7c26836c7fe857ef2fef62c2031f,6.004907991550368
3b24016cbab8b8632a54240fed0a17406b35bc65,7.142688643130622
3b3559f14b77090ee6063be193efe80b19bcc591,7.636617515061724
3b5d744051772f15e4bc3167d749711fa798b0c1,6.659242487629311
3b951429b4166a9149480e360687549e1069a209,7.833338826895684
3bdad6ba65de3948b9939ebd98d80b03fe3f8e93,6.850788934943746
3be1500e597852e42bb7fe17591b933e0bb44f93,6.755093526675853
3c499f0944773b5ae529a4356d92df5ce8ca7c0c,5.997487440825762
3caf61bb383eed4daa553e074208e84cdbdd7df0,6.447208068178772
3cde31c0a8378da5d6c2767652ec108deb9135a6,7.5325977228376555
3d085aa7161eb03884e0a1e98d90f8d46e030d1a,6.023315732069974
3d0c27e5e776d4ebe788c50a8da1a1c9215ae25a,6.633479005621324
3d185c0c28fcae1ca2f5876a8e2e6681b38e5af7,7.217045798007012
3d1c486e68c08c272379fe7eeec4d38e75f54ae8,5.561053229892168
3d4f612148056feeb651f4711c1f640f5015101a,4.90008135742058
3d8d3a121d5e9126056c0676ac7ad2661696a572,7.1237043135697835
3d8d550e8b7d9a0629bdd8e0ae73f8f0ac74b1a6,6.547192306726199
3d9b6ed975620e48ca0a5aee5fd19f5db1db3b18,8.65949313058017
3d9f8d11f15cce877a0766d08a6a920548041407,6.590680047310377
3dd2f099bd4cba1acad185a78c773972d450a899,7.491613392198369
3e19ebd05fd2cc465feff2f681011181a78e1341,5.3216290714278225
3e572871d05f7888784ac55985fd52cd1c7aaa68,6.1129815325652945
3e72f16a86233e81ccc2c9831c0297da6cca36e6,7.547303886407242
3ee8b93a31b564cdb14f3d62f08dd862461e0918,5.9415961898572345
3f679f9f5c3b6c2a026bc0575cf7d5f3351a8db1,7.407966940952387
3f92f0a8c1729579c08e921fc041646ee2b50075,5.407481502856634
3fb53c585faf97ed5b0ecb316a4b419c969b790a,6.242419288583493
3fcc971a36a031eba3d5b8ce7a9181a4732a6cf0,6.883466375895663
40291da6897472b56a7ce6a0721a801b5014d3c7,6.482693296825175
404b067bd1dc212fb28d256714a9dc430d5e65af,8.25576622657815
4058bd26eee2f8affafaefd2b59b97c358e826cc,7.040868179345827
4069b40bebe0372926fcd92429f7431e300e6b52,7.494491595219286
40741b5b2ac93f9d0eacd4a28b48508be0a378f9,5.328412673530713
40a41a33c4e0168e2716a09cecc11cc3abb5dbe0,6.129423742198707
40c0843e6cba7960b4a4fc631d0831b9242a9778,5.218721761475212
40d6052a7ccec94dae8348e5249381afabbbc985,6.541186938433803
40db6a6bd27b7f2fccb0ab0e4b97b2e64d5e79a2,7.033857768231591
410357eb9129023509cfaf8d38be61c050bb3b05,5.045791008188171
41438ca9420c379467e8ca3456fc003d76bc99e2,6.86320340301441
414a76fbb610cfb396dc7177dfe67944fd7175f2,7.02765968990311
4178750f206a91c5b1cf0c5ac6a4021d23912736,6.161845566434907
41834c311cf35264cb9e6357eae499b95edb73b5,8.119067123422349
41c2ea992ebadf309d399ecabb99fba4487e2920,6.766586371526799
4203f7e50c4e403622aeb1b6d39ca45285510aa8,8.140538916221804
42510054a233b7b56beccee99fdd4543c3cff388,6.648669168618358
42fedf0a6f68d54738709e096f9352ccb17dc072,6.920614692160088
440a4bdda60ec044e91b9e5ee5c478c20bbbaf7e,7.6004417122337875
440e56298b04156381c3f648f175b8697135845b,6.500392944975583
442024511cb1c5761a86578910e28f236daceb2e,6.474459034880904
44327e7dea2e5f69fea97c9333f7cd64484303c5,6.0941911292611985
44557bbbb5013bd2d980dff1f4b5f6b47cb1363d,6.969469148213252
4455e671bb93d6652e42fc0925b3cc47cbf6326a,8.471667785035786
448866b737d07d7d184e7c1111b8f50d1b8fe91b,6.5626605112056415
448e09eb2299c7bc3435e9a680e5e7e81b6d732f,6.74790652037657
44ede8e2b591b3b54fc25469d50e442459da73f6,7.390896497752115
45147b7f31a588b0c4245845675f7856f4dfae30,5.275451975118111
4528fc0fa6d591a221aba2cd316264877b73bbb9,3.247972353957084
454c509567c0f19453009731315e3db245a8c756,6.612230092813054
456ba3f2e4bccbd1146955cb3f0438260a04f7ff,6.404355856233992
4586b41a1f104874583010a544bdd65113d2666c,7.960087315660643
45e8b53fe4fc590dd9c7564fe2c6fa3ede58fbea,7.813379139134115
463ef2266d31ca7f0bca92bfcc9ae7301addb58b,6.520971794737162
4644e181d653c04f17f76eed400fdf52a43b2237,9.920277050225401
469c5d7634f0e3277f7bc8edfb3d9eb291fc6199,7.51564986112716
46bd0614cd76a4fa3af7d06e5feae3db673a43a1,6.9949979177015
46c1ebc62f7d6b099a6696755c9be3b984d2a27a,6.679220478363362
46c49850a9aa3be9f66161090ac1f0a8796b19ff,6.5126619692608685
470647470caa15468e461e105a8ecd3b25a912f0,6.508540583155596
47aceb292c673f98f059ec36af314cb1c8894405,7.293929863632818
47af18d4bbc37e11d2c5130faaa8b2da3dba64ca,7.040016879480679
47b12b77df06d36f3a51ad5cc5f0dff47ddc9103,7.569382228176414
47d128f1f6010bd042dda2bcc68d710956fdb74f,7.193609652104095
47e01709f5df0b8793de34e70e8ddd9f8aa16d60,7.071992881791285
47e1eb91096f9e59b0faf185a88d41343c073d83,5.556315270211169
4875a2f817d7d08aa0437c70c33eb2c3e8c20d65,6.902450904602522
48832ca57fb72952c11805aa0975c2273273ba58,5.371276662278753
491ae8a65839fc737fb2c3e6ed06b990c7f36dea,5.2105426858720305
4932174dcf0408a7eb862930c9c6be33d30825a6,6.040549111313821
49428bbbf72ee0208d581e31efb1db2dca5605f4,6.476825923184907
494ceabf1266854738ca9832b601000a8a3cde24,5.327020334324784
495933d0ca16d77c1ef1587e29f5477513109a5c,6.022323664019775
495a7aa30e85503d9a2027af83cd32af0eb7b030,6.039268941092863
49a4785cf7286dbb18206e3847f164b1af1907ed,6.039168498043449
49d11fa2e8d68ac09ecdacb94a96c95c95205ff9,6.950927817220428
49da363dc17a0db86c70a20f515608629bced9ed,5.582540593146006
4a0f49c2a5e9766ab2ea0aea95a12b763faff0a0,6.6888861009247975
4a2ccd362270a02afdf8a1647576ba56a525fec8,6.959759624098474
4a8923bdd6d76861d91dce4b2670c04da6b45350,6.773803006774241
4ae698929993e35feef8c07911edb16212f5cf4d,5.511542157307574
4b09f1427ce0578515148e3300abcaf95ff3511a,5.461706157777425
4b3052a36e3e54cb3458984b0ffe5f2808445353,5.612592049484159
4b8a55e82d9825fa7440b91e638577957567752d,6.244859873595154
4bb463f3e32f05b9a1e323adc2a51603dabc75bc,7.023933030655588
4bed6361746e48435a9be358a5bbeba59696ab7d,7.370982905197818
4bee553c59acf1a22de81ef5c794c44f6371da0a,7.320991783466985
4c0740a4fccc2e15f52d77bbaceccfc1ffe309c2,7.112859753519706
4c390fed4ec7007f13b91f39d3d4d9ed101299c6,4.782830236218661
4c67cde88abaa3210919405fdb1b202dec23b08c,7.20174829746136
4cc8a421bf0c776aae86c3838ed759171d4cee50,4.672198074649124
4cd092562ee4a06eb01e8bd1e9cb7e169fc38c92,8.389024811203972
4cd7de9870e18e6ea8acbc2efb5f4fe9c051b09b,6.106508698992297
4d234ae70fe14c2d32bfa01c0ca7cefc47d68703,7.5376148595172525
4d38a6fd027c342a0719d9e7d0f6bd3e820a238a,7.346551002314348
4d3eb0a9c08fa8d2fb11d00af22f7d582f106019,7.158965297408351
4d5d641551d82c1f733620b5d8ea4359ba376593,6.124681169643727
4d5f92f22244e37d20f783e571539a2d2e4e58d8,6.28340300107534
4d9d9337a0bc50984b35ecd772dee54b88ade32f,6.107624226153854
4db33a107c9a32cf80e08c941fd2c87888e8de8e,7.024002375866054
4dbe8c25b64077b21bf5cd971f115f2e32109c44,5.687802356019437
4dcdd4c95ba88786172619ebea8aad4ec757a150,6.9713728451922865
4df0acd4131767bb6aec6c0eba0deedb4c246125,8.057000258597563
4df58b4a53afe49f40e1c054f9a2e8553352e254,6.381087379101666
4e1cce9ed2c3033338382d755820b85faec9a7b3,7.033816979732957
4e3603a6303b1bb5fb0ec4a0d8ec39ae3e0afe0f,7.124568987419266
4e662a9d37f64c95e5cd3e85d2d5f0d5be60d20b,6.583314453510013
4e718fe3c25329ccd0f4f138375f9099d81cd7c1,7.307733833568643
4e895c502e5446c21dfe7fd758e1336d2e66ace1,7.872687952879359
4e8a3d6c3bb0e0df7e39e93b9266737cda041fed,7.073505471949066
4ecc68ce80251f0f7ed752443a85e54028a20d08,5.8693782058140025
4ef92a2d691e24dbfc22f9e0e4a6bee899ccf849,5.909045407710148
4f0784758f47badc4dc66910c529236f8a45bf3f,5.497061991090995
4f12a32bbef137a864b199061b62d35b4002e6bd,7.595930258555497
4f571f241bb2d884216b4712cdcd482e310a718a,6.285486068329737
4f7428b95565a938b2562be952beae6d6983f32e,8.135156845177612
4ff3fa101f0b4c9777b996d2e1b338a529eedb6b,6.364716060890976
501f6ef9ac0e3eaee34c2357da968672bafbff95,7.035991243313098
502430aa4e945c0273cf3a6f35b982cef7067ad1,7.098431199874576
502b640d7a4830b10924009c39b4dd34a4c600cb,6.908291036385382
503affec12fb99997f583ed73b60262572694795,6.040549111313821
5055b8d5ef881bdbac3ff865d6f97249b0aa4bbc,7.908877634804116
505fea7b24ccbd0e28b51099a1e89ee317605916,7.956689283413762
5066b74051c3f9ac880db30439338aaa8fb1c7fc,6.750027305122415
50708257bf26f0b517a6fa6acaa444d13f6006fc,6.883934425829292
50779b692cc73e3ba24df84db11b8e2bbb062591,6.895898718593539
5087b52a3ea36e6b24f13b867546d94cac05b299,4.611086296704762
508e0627871ed482bd8ab34544e43e5d856a889c,6.396833121310768
50efa6979b217c6f12b5fa0990d669c499e6d2b6,7.2156899235181875
50f17ae2d9048b293cc969aa8668b365f9773f1b,5.3125610521686255
50fd8f5bcd24b3b8ba8c450de77819037cfd6583,6.7579914453171
51501acd2a7cda8d6f25524e34d6e3dd3c6088ee,6.975505843912764
5160b3f7714c45d60c100dd658c543831e390713,4.9425955395535075
52011a00e43fa9e527dd0b121ddd133547981b24,6.159096662455917
5217ebf6230ffeecc7da9c9043cd1e484c78509b,6.766201164392342
52292d33bf302f4cc04f07ef928db72b2736c06d,5.578671999185782
5235e36e00b0e927e6ce9f6f771ef92915857989,5.794596438627002
529d7e5b25e40c18bb7ea49be0963ed7f3e288ea,7.064508071015987
52d6dd781d58e55171ace76bdfffe7181f5a916e,6.281605855070387
52f3954a2463ca97c884b6ad6d89f8fcc91696b0,6.968065495019474
530d2bc8c65a9815a0b2c7dcfc98866f760b433c,8.256677128750304
533bff0c4073c53de80f7b88a1ecda9ac3878893,5.823003339929811
536602cb1404169f62436284f9cdba1a7b21c7ae,6.741282504404736
5389d34e45392c6d5e8596d686b06d853e1ed696,5.96747973255993
53b56263b633c2be1e87243fd37356c924eb9a4e,6.6995838329675275
541270fc6468b9399001ee5a8bfa0cd380e1db60,6.109234016494221
549b4b9f5408631f8a062a6a3b71c496646ee0fb,5.992817247999282
54d144dbc7891709d9bac5db5ee19a761a768c1f,5.579398299662065
5504396737eadc63295f751ebf765c22b35b23db,6.058286540790569
55095065546685ff2d583779d38978a2c0132ccc,6.767277731512596
55664bd6d6073e97a98788e3f319eb36662f29f8,7.173721650588947
55ef1cb9ba9a618396f8f82aefdc261d00864381,6.7093071657643435
5612b36a1b2a4d596254bc506f503c7c94f82950,6.712282772010572
56925a416739348e2099293f2c91fd7c6c186d99,8.072325397841087
56a326e7e14e72020e3e0ca3f329baebc245b3f1,7.108141848604662
56b3554a4a43514e497a667b0efee344df2ed21c,8.208712802955962
56df019984fc7a155fc18b5c4ecd2f52c497693e,5.96548508658956
573b114e6e803fdee6f8c4dec2edd8fd37bbecc0,6.163415272304689
57421dc59c1514a7edc7708657e57a6439e88585,7.007543979632767
5776c4c0f98d7aadc199a8f60beab826403cf54b,5.769043508888134
57a3b9aacc40db600c87c8b2cf110418021388d1,6.624677974116415
57a668ff1e3df5afc4e593bbbbc39e9eae0a940c,7.330588367902164
57b547211651511366a63249605b9b9f4a9c3e9c,7.028306380355373
5822ad8b0277c775adf78b39385d63e7878b1069,6.933075388100477
582e4849c0e5208206789a186892a4f7ce9c11f9,5.70723178221156
5832a6cbeea8c9e6efb82a284e135cc58f201920,7.26847101851132
58616da3cef2b76fe70a90919a689b8f38ce0030,6.509661076406814
58a95bac37747ee4fd0e321770a89477f49492a3,7.834777562413269
58ab0634383006fc63de206822832e26d4c06c3f,6.2470171660280895
58dfdda4538b55efcc287512b508d9fa2638028d,6.677143425914652
58f61331a385caeed17baaf54abea308426d50fe,6.724794511063985
597484c12788a0febfb255aabf5f08df62469313,5.490860168196525
598a40125a414f949647ee201ecbe39553bedb6a,8.399113430193577
598ab55ef7a383e76268b59d877afbc86fff2178,7.667937697000177
598ceb16f7935dd1dada8de4441690df8cdc9e29,6.977706161409072
59b2a9ae92876d8ce54309fe82bb92d7cffbc794,6.085723052538183
59ee572da4b7c6d711c46542482cc65bdee55648,5.432000837441752
59f38d3a08147f85dd15c761489d7e3753cb585d,6.375741427298079
5a3141c7f984f3d6c41f632f6fb689378267bd51,6.613052016225057
5a5c99822d76f4f6f1f90521f4c1f1d5e53590a1,5.701020104383446
5a70a8f9f1dac45c7332db8230f0a8a77208507b,5.9831384394509515
5a7424ce2a160cc7bcb097b51942e1e1ce68ddb1,7.064731670009936
5a855637085d9d212518c84446e98888f0667f2e,7.539081618274566
5af239a466d0a8e17a8daf66709fded23576c37d,7.166434790190611
5b023883ac089df249ef06f7c8c4398f37e1c55d,4.924512457083567
5b0ac0ebdcb3aaed7a9a3aa2f9c11919ccce9555,6.2687848604230965
5b30abfc32d4c33257f7cd949641935527dd4a42,6.515431462856302
5b49681d3b05fba0fa5978673a6d871011186bce,6.7916570714634625
5b49ef6e8a438750ee1aa79f7ef846fcb7ca2005,5.809670340444467
5b7541b552024e94b0be876cdb63b69cf3f829d1,6.893063031332361
5b8aca58cb2c7cbcbb8918f50669eb821d5a7fad,5.943599386737892
5baedd7fbc5ed01efdd5a078f7b3809491ac1722,6.69588215516076
5c67cd01bb445f9b80d30f2c551d0d42776898fe,6.478008974514271
5c8d3dd9026554402b67ab061544d47532898f6f,7.213420736687729
5ca41a01a0d23780fcc2f122f7303701eb991a4e,7.978872739437326
5cc1caec2eb0968d6d30a6f95dd41d04e80c3f2c,6.3551063451832235
5d2a4450b9548913c0ae383640f67de8ca10edad,7.4179721679127
5d7aa061832e40bec792c52ef42de898a5045a1b,6.93313841438939
5dc71a85b12614f2b7b995f3b9482d48f8e289e4,6.826438222920277
5e030103a9bd01aba1285730aa1bce7cc90f7bf4,8.176858668292201
5e092e334855a0d8739d53c39798bb26f3376959,7.9303084861811906
5e3ff61182b7e63c5f353b54a15e95069e670f10,5.310148469342462
5e4d0a4d83e5724fd92e13da6474090be3593639,6.268756475205974
5e5064a233c1402d302af4de9a442f32c934da4f,7.858153737038193
5e6c70b4de90c2415359c22c351d8b827d22886c,7.054603090632449
5e854d8ecfe5f767abb76d3ce56b6bcf495047eb,6.941713516437473
5ea5bb39e36dd3e81ece42b2d6e19d0ed5150740,5.791061438087256
5ebe95d992ea2c39c13123c6174d22b6945291bb,6.641287976106451
5ed610bb14c3c7ebe34cf855871da13009ddf3f0,7.152482039733941
5ed8bcf8dcd1652c4a4bd0fc8197aaa54fca572b,7.028539407795021
5eebebef2194643799de3dbdbb098cffa856d37d,6.277895552922621
5eecd9dc3fe216cd45a2194e5f1a1d472a3fec56,7.472919971070215
5f8dfe6855d546a89ee51fdc47f1e3a135f1edf8,8.893142074003098
5faefa46d05d32e90b97c1cc9260bacd6c2f45de,7.547525982256218
5fbcd4642d21aaa8ade10f9e23e70012e2b4afe0,6.945867630973585
603ee97d90e36481c0c5a1cca5279c3aacfe91c6,5.298692265544814
605308a2fcb585adb29bd7cc4dc153faa8ab9702,6.672586980681098
60559a031815bb92037cb31299fdb443227a4e06,9.180013607014482
60c257442a0ef9aa6eb039f58c40be980bfe58b7,5.800936600170055
60cfc94f336b294be80a5215fcd8f9a8099011a2,5.489574125102626
60da060bd0084795a07f5e69e6884f7870822cf6,5.924327420329722
61291814d7295814cfccb336e38a08ceb9c7aba9,6.833166487061855
6154c47df672f6768571f878e472ff2808274cda,6.196849453795518
616bff7fefe77a5e5618f600b39cc1002b71867c,7.927339994388207
6199c36a1e584c7a1d0d4d20a1d98f19f9d05785,8.004006998358916
61c0c30e1af44a3ad57880bfab7a88591a434b92,5.676441089025841
61e1c151f6a90ea5a2f33930ed70e5a9f39b681f,6.524052831876454
62762af72b006f671d4b9efe867e66312408723f,6.20588163559002
6288d80ce9cf4d608eb41dc28dba194b1851dec5,6.945131746641067
629ae2687f58e75ac2bebadf8adb71b3fdbd7c11,5.866838675686866
62b127e475e6cafbc1906e6fa5cae8d7b4da3ceb,6.700146409247459
62b816d8d256303699a90dcb83b99804366a17bf,7.615687921897893
62bc28e18de640d9831303f80a4e44c352fb6170,7.188757676516234
62c35ca39326ade9737d75b21c46054e64ab67f9,5.7370837302424995
62cba18268cc16143359b59ebc94adf65af340a4,7.059406682264791
62cf219990f892f13b18fb0ec1f08a2aebdae0ad,6.9959284401357795
62fc0f9bb12436fd47d1b4750e4f17601ca459d5,5.751539646460809
63b684c9976d06a32dbcdc4685592cd713f9121e,9.381510044360187
63de421fb8d11a118ae783980d2e204b71e4f2d9,7.151616721415447
6405b9839b0179e5307afdb5117992033c2a9cbd,7.770297179473571
6434afe6261c6f3f4fdbad511a2db8ef090f8c07,5.135531357445294
643e211337d8d4a3d2c12ab4ba804814dd977354,7.890274616354046
6451995ad71437eece77b5677b3d5eead3b2d45c,7.63052136267597
646c8737a68c560054cc624da19920821d13990f,6.263141870840436
6475c391e6ec554f2bbe5a6460e5962a4af5ac65,6.106631632514397
647dd6aaab297d6a9328c244eec940904d58293b,6.2397544903682425
648b6d4b1c95ee18825cb3cdd69c033a10f3633e,6.332629811082548
64bb0d71f782349bd0bce3ba44cf9b454bd46cfd,6.52627007881073
64c207f458782b92f681bc496f8a6763ac3b99c2,6.385621755642081
64d07438f7fbb0b4c2fece774289f09dbdf9de5f,6.134408759056589
6501a3dcdb9e3c5904a5820607f6ee354bbe0131,7.438804885606689
653de78f41ee12882a2cbc4177fb3c4e5c3eac28,4.933370517894329
655f5a83c42ccc83c7c0ac2caa5cd8237e685751,7.2548975305874706
661f15eb45462975429d17bf60fc64df4cae4431,7.791471650721979
665aee398dbb98e56d2f171ef0bee4f6fedeac43,6.6924363619445355
66735c0721a73fb4dd487e32adafb82c6016e6ea,7.0052889295941085
66740228a725504db879896a9c28c03676fef710,6.875747700799096
66caffe338b5140bd8ac35fd0000f867266bd08a,7.365826891196307
66f103845d668685765328530c0aa2d71a0ce0d4,8.755728077475407
67118839ce79eab31a505fa22d378ff420ce006d,6.15011881788007
67212308d026508fd5b6942ffbbdd7b0be2e89de,6.850313715178064
6729764776215a0456ef5332c5168b4db29314b4,7.339213437498833
673ca800a97efc5b14397e331006ebe67258bf1d,9.885414333400243
67b7c9f4a952be9c0f4759e1991d86a3e1fbbe58,2.3515839513587604
67d64015616b9e7f49e213890b7b93a2f8796f07,8.724162136104354
67f697ac574661dca982dcd95ba358bde5b48a8e,5.823078807554231
6881032aa20fa792984ffb15d6b043b4228c1070,8.584321137949722
68c8fbedb26cd1376389edb04626dbeb90a065a0,7.16580467212599
68f0e46e53ed6791407294aa4e797d7d17a2b677,7.3679650744462215
692e213a160245cc3c07bc300b6ada19b15089e4,6.526260028892295
692e3639f044b1dedc30d8b3a870bbe922a675fb,7.180121389266171
6941ef044510999dfc8a269ea9255f7b93505147,9.126157003169821
694d92685feec07c62b8aa4ccb73b39390f88515,7.309644618868636
697092af2e2891b76d0890069566c03468f975c0,6.7695048727542595
6976ed8694419b21b0f2302b6d9db629ce0412e5,7.147679859464054
6978f24f45757e6d0c3a352bf35d073d14b46c6a,8.106509162880489
69826691e86b5085226acbcace467f656b83880e,6.969827624828811
6988cfcd0c8de2ee3ceb97a74aec90558ff0e26a,7.321424032552825
69b200a293efc47d832e89333a4adff338261538,7.234628578122563
69c377ef0f1c724f59024bd4c2a7fa5d36e50432,3.9804032258245323
69eda57c9ffdf6f26c5dda66863ef865d07195d2,6.997523628006816
6a24473bc7b7d3e0a711d9195d9f792a24352436,7.865840535069967
6a321021dc357c030017f099c3d1b430bb0d1b65,6.350828492826727
6a535ac087403316d625c2ed4d5108d7d2d21edb,6.939233395437799
6aea2ab4cff49df8f384b81558264c1390a8cf06,5.617648690445071
6b05f3073cf136c387ede39d4e605eefa19a4886,7.144397822384002
6b1996be827950638657d6f5a23f4ab8a5a13be5,7.298876465072789
6b8a39007e56cacf54e6520da942fdb70d8d588e,6.288818258765803
6bdbd12c28f576e6dc4242177fbf9829e65c4726,7.212133225867791
6bdf2586c97f0954e728ef8a9ac5248d4c8270c1,6.58304261769608
6c374b4a75105783a809e8b6ba468da3200d0c1a,6.72766113375445
6c468e0d90bf790fd74609738544edd3f0e5c74c,7.09502703109417
6cbee42bf7c6251711a38683e4e1d6b15533f5a5,7.112483767032003
6cd8d19ff2089fdfa9cdcd521a40b1e247c17cd1,7.801630122699582
6cecf8c09c3c7ca888a6e3fc2ede03a820c9c82b,6.56539433983583
6d7ea5662a0aadc0fee9f82c02aa5e54da77f277,6.960666617465307
6dc988c0cbd4f0ba3d2217d8b84911b6a8d81c47,7.356863563558422
6dda317baa40f25506c299715efce489b916e52d,7.762770545478387
6dff6f1ca71378339e605de17936cff49dca5486,7.596134175176708
6e849b2924dd2fc0a7efc8ef0a5f614ce2409b4f,7.588038114336796
6ec34c1674a54a0b43f8bc4570e2188a4937da15,7.368254814353162
6eca9c1b4a046e9ceb3db39e478ccaa393117c3f,6.64776864394259
6eef887d0fd74edee1667f50dce5b41efbe0a180,6.703196883817264
6f52fb961b947325347f9303798fa6066967e407,7.186142403522418
6f5b8f8813e31d5f85f814585ee37e835a6c766b,6.607523237818179
6f99a507851fb9a8ae9776ede538789cae61a22a,5.69697555122719
6f9c45656b2c3a8cd9c394c878d0ec7d738be090,6.48993568057668
6fa8cdf96032a061ee3b601ee76a28dce25f4735,6.697179320847612
6fc4ddeb8a68d05ed8084b0d59d038f3649c10d9,6.9047628492028155
6fda7242d55963e0014a8741b5fdd1bd4c34019f,6.729577444911346
701f03bc7072ef7b0114a4769bc8955e5e5c9af2,5.131373728549251
70442b24f09aaf25882d54ff0ec72738c00a41df,6.389066645495024
70586c4437f01c7ae612aa151f53958ac10a412e,9.172148101499848
705c7f16ba723569db2002204ff748355ef80e75,4.957796009784943
70b721dc3c7f45470e2eee858547f0546801327b,6.978473200968612
70cd793e026c0616c0a8186a1f2c5fa6d8816b49,7.0578664998480924
710b29019a8c45dfca3eec6a5a92b7d3bfc06cb9,6.500124719310531
7121c17a0f6576cafa8c7c029158ad3a81873411,6.538210578044864
713487f0de26590bca3c759e2fef02b3a5bad9fd,6.040549111313821
713e625391a72ed8f0780919b1c3e45af56ff94b,7.140056448473627
7171736c863d464860b4e3f674d78a101f12de4d,6.844702049242057
7186e8a3fb8c0322eee7e354ed8f1669885f6774,4.033182350031366
71c2d42bc4f81d5dcabf57d19f862a3b781ebbbf,6.4096890920427025
720ce5dcaede4e84cbbe7874961853e416f0d2a2,6.260383321179663
7277ea28c0232720e23ee3ba0dcbb84a273aa53c,7.549998190991499
72a34636b5a1de1c3796e43d5abc564b4d0803e7,6.008097386147229
72d8b05bb5beafe074185bec53d1c5338009a0cf,6.205814643485112
72ea15c6a9c0f4f176da99e9dfd445b347c2e219,7.80261447063552
72ebebdb431cf5dbd216ed0c16660f40a963b082,7.447763110470267
7316452530dd2fb2eb68d1fffeebef98bb730ae0,6.57126795156484
7323f16fa1027607f3f63cedb1cf2fea83dfcf76,7.98763430663018
73351e7d3ace1ea88b52e895d6fccc2f2bee88f3,7.533511820493309
7341e1b59de6c74569853631605d1dc2d2da2e0a,4.433937886405515
737dd3b5a70f36e8bb79f4c5cf86c7ccfb1e7d55,6.325724314598046
739d06c41287f6661d2c1879f42b56d45454e815,5.993572905973747
73a272eb71cab822302a981b1748230c3ec8b8ef,6.8900551338679215
73af3f8e00b50a4444bbbb431c83075dfde4cbd6,7.134972738662195
73c38d8466f153b974c09c066d1469f63b856d07,7.215635618099515
73c938c3db512a2d6b136fa924a8ed2e608b7790,6.217853433704461
73ec1e02101d9e26fb75fe8580eec218d09ba78b,3.16861601524528
73ffb966a8305f3cc46f3447459b4224128cd53b,7.4316412152893285
74381df8a16f12280ebd12d45f8fff4fbcbcc4c8,8.508453607753244
746be138d650a2627e814da73cf09cfbf3127bd4,5.436900355637604
7480543e3bc777391a4c3f06cb1c03920f6fa2a4,7.254331770308312
7494b38c6d82b590c4afa6cc975f583f51395177,6.3019677771039255
749e9b42869140690bb32bb198ccab1f899cc36c,7.064465331771073
74ca49651c685988e265884821dcfe0961a1ebdf,5.039991412396349
759ad13a7de3fc28a9ab95c56d2845442528e907,6.970071838047703
75aa1fd61921d68f59be09d2146a4b2b9442f41f,5.85735380100884
75b4f05700440a54255124cf44b8ca0d4252df85,8.46579416514293
75c2aec59b46e4c6745540c0af596b8cc6db5cb5,7.129292389489631
75ef6c3aff156ef52aa846c2fc3b26271e50e335,6.316924829511421
761459daa69061bdf66d850ebf8877f0c84e48ae,4.6937866020739385
76578f23a12fae71dcf7aff5aa48a7ace122f5f2,7.587316615329699
766fb145487f13f1cbb3fae79c2345c8786c1542,7.48362700606499
769df9fad97e6d153e170a9ec41e33e8410f4b6b,6.732978592673605
76a99a326da360af0510be654283819bb4717d9a,8.626262956855767
76adaa79b0d19f7d32da3bf027c2b4fb995952ec,7.290045729410577
76cd92b2caf3ba3f11f97bcf4e037fae81122578,6.3986727046281136
76f5d35cd62f4c2d48632c8b82a04bed0e161226,7.426227730689151
77051baba74aab402905de65e8e0bf18e2907ca8,7.864352943802084
771f7a4ff0b16239a5f4a828485e057bd3069308,6.324386929481758
77454c216b4f9b1e291fea17f31a824ef4d0a4a6,6.670716444302171
77f0f8d9b0f3d59cd0bb01ae985a5ada6fc14dc1,7.476198223384115
7808a1989290cbf25b57bd60e74c56662eeba656,5.177891083436047
78269c872dcec789b204623749f7d1bae813fe49,5.803629988547019
7855b4de6d964e1f7477a3a40d384de9f4602f49,8.229191124951337
785b27857468f61bde60ab25c5509e8ed38155d7,6.559159362532005
787ac9013d322ae24dda40f918c05f9fe47601ca,5.592039606215723
78ca432228d8679112c09d9b3d50491c5539681a,6.719795746509855
78d8860538c6853a9c13a0c232dadcfa0d516f08,6.765616966791418
78ede02e6c03a1eb32ff3f464f4f7ae3e6510766,5.98616040293955
791e60a07f6b6776d54f791791828b1895c9b670,4.738538832899216
7953012ece7e7f5c184ec3ce99de925dc01c46ef,7.248975240961344
797a55490bd05c98e9b604b19c3ab90125c9431b,6.412155101113373
797c7c555f32a47816ca7f0c017002a2131c132a,5.473376910641425
7985b1dc9dd0dab814afa417245073d1d74f85ea,5.271032057168884
798e6393c36bd3b6dc0a9f97de7d4c87a6e5b252,6.333726271192662
79a8ea0acc62c00cbe9e6899917fdd233232ee12,7.271112464946747
79c48e970f8b0e7a0e074bf7f0a3f201737dde3c,5.208390549058426
79f071f88a5c4c3bd278b93f9f622e90e15a10f0,4.6937866020739385
79fb09750bdb85310622bf240e1060ef8de8bce1,5.9144500421387285
7a0e5d245539a1b2906358ad255a4375f914d37c,6.495802781495634
7a7bd043dfb44f7b90dcb37b669e89afcd79d234,6.067284012443363
7adf3466bea259fdaa24fa131ca2c4d63e9a59e6,6.4799762113072426
7adf5597380b3d9048a47387095d5342a24c07da,5.150862425009663
7b27fcdea3732f654b3a3cb4ee1517e8203645a2,7.532199972271062
7b3d30b5f05d1acd3bd4979bd8e18efaafdcbc62,6.452339013962591
7b6c995004d7267af856efa19b12c7455bccdbd8,6.1511432427423856
7b7d0625e7d073af7c6fa7c1df5ca43ab1232aba,6.822220012250246
7bb8bff124f651711732b84262474e1acba69082,6.781991052743277
7cac45d03854038e6854f5b1843cd491021f94bd,5.768437295838827
7d111d42f139f151fc24ddcd89c3064467ebceb8,7.611445339164864
7d9accfb703fb86e2d5f39929309e7f273b46c79,6.644514189325481
7dc6bcdd4ba4cc84cdbf70b50cb26a72cec3db1e,8.141899088306165
7dee913006479ffaff17ebed5a0b172112a0e115,8.370246322972164
7df2a39d7e572a525fc26d9633039d83b900ed61,6.443590695438656
7e4e1a800af30eb9922c09f9d751b0873e0dc467,6.394173447824212
7e585ba8095284ba4d7f920b37ee3e76ab6caa4c,5.937994020772528
7e783577c8297bd74f8f12a2d4787f9cdfdfee02,6.088525471308309
7ee4cfff4c6cd84aa82b14208a75df86bcff9fba,7.361694294743854
7eeef145cb4a17be79b2251b164bcaf5d15a4995,5.826249698533347
7f2bf222342aac2992fe15f12039b9f7123524c6,7.064604840802454
7f5f84b208b2889ece946b277eaca95d838072bd,7.2131723682346625
7f8b72d92d190113dbc807befe9e8033ecdda75f,8.041491650325039
7faa61077b62629df7a5b7c828f98b2337a2dfdb,6.142604517714002
80212c0b606f5dcba043483a07f677a5455c3901,6.686084845487908
802b44166f1c38ec00397c57abdf65b7596b9f0e,6.5615851152847915
806b5e171e5cd80e62cc28bc7fb644f6b50399de,6.273641720035936
80a1456c85989c36b524eb16f1afdfa2c5480121,7.911129843411466
80c6f8b8c212e86aac90ea06ba6dff1bad8b5541,6.32133419540507
80cb3c3cef8030674baa141475951b20ae73089a,7.031662956345117
80dd54e80df2e8833ebb3927fd55a514dcfe637d,7.530917330274361
80fc80505e08153a938e34945ea74064467c5e12,6.355537975628765
8142efda300bc5bd5a3368d957f2904fb41a6062,11.69331514937593
816aa6a9aceb1014260977a52d4ad600065ed4d2,6.959249119959498
816dc441871b06aa3616402b7d2635c5b77f3d8f,7.9655458417366525
81f9930593d1612075b0a4831e1219e9ebbe5aac,6.701668596657046
81fbb8b81316a0ddabd7838b1b9ecfaee762f70f,7.355444090461339
81fcf2e137c8587b8663ffec7ba1d8184be705b7,5.4634455852739165
820104bdd2c9a722be349ae3a23eb42926eac969,5.546690380116834
825e4001677d8644d6df773aea2f924c45d47318,5.674312477747625
82ab2a968469bfa6a3dd02ca619f80a440ff3b98,5.9062928313670655
82edc69e489959e8b7453b8e3c89c11f2e3e4830,5.430128989283682
82f9404672305675b631cad221087429c078b8ea,5.301276101741308
8319f9e5000e715c176f1de5d0e33da0b25481f3,7.088886664729805
835496e3328ccd7ac2ffed3867840e1dce5da83f,7.279751354114616
83c0d2f69c3628797f0d6f343c4cd6276dc9d15e,7.009050777230351
83d335d59714648643c6ca68c522a9a37bc9d8ae,6.225318789236937
83e22c7d80399e360122a5d33f26844b8c04a6af,5.8189533803637765
83e4ca230ab9b35d221d09d335850af44966b772,7.973071606478165
840d07858c03f80f4695056e2cc7d0c474b83a25,5.976179579134824
844f5db2e7e31ae51eba025480679ed7e4708ac6,6.97638042197178
845acd04a77b3d1b623f255d9f9f8eae90892dab,6.1817343014695965
8460eaaf887a6289fb156f7562fb739ba8e9629e,7.481439746760392
8481a7f00c3d30473b01a8a3cff2564948d24902,5.020825116171143
84a17972cc6d29489bbe205a9e7feb8745726fbc,6.6371432832618344
84b6b2d70924066c8345f2bc2281791ae3188da2,6.20327078676398
851d9a4b9b8e236f2d62282ddf06fae57b7d9492,6.7839246614689275
8531dba6dd1818a4e3f3ba5e355e1e5ea9276afe,7.151682063996526
8554d1155712da4bc72ec5921db3227311265359,7.7731737868225785
8576d2d269326a29503a1763996227723fa531a7,7.171006335437483
85838695003ef753ce13327655b84defa54d6eae,7.8999912248889785
859c3b6fce7256abf5acfef957e6c04134c01e4b,6.813231387204905
85bebedd9d4605ff6823f6f25c761e64a588bf22,7.136367618231509
85bf028205803eb9b1e5494c540ddd2938606606,7.5584151122245045
861075bc29124627aacce66a29c6dd835abcf3be,6.504366184592414
8674a295a4ae610ccd77b60cbaa692db6a875761,6.927899587732738
86a7e49131f2acbd350c4b0b9a2243838bd4e122,7.1062956605137035
86adc493a1cc74328222a194a1d1e3adf098b5c8,7.217799055354016
86d9a98ab0225d2c2faf6d51fe3b9fad194c3ce3,5.714837825795248
87322721181928972ce2b67242f61ff23275f3dd,7.485464569342111
875e48fd13e52a01a4d48d745d72128f25b9ec81,8.130156462563166
87752697bce404c9b410be71a45e76f3c7fc9392,6.933933037303819
87b3a5eca0c70c7828168756cd7813cc8b3285bd,7.273462865730916
87ce4212940578f8ab9aaab4616b104ab515d4e9,7.9046553502506
87e4a8d6efab19e147f510e9b5d10c0d0ff5845e,6.900628941728481
88003ba023714648c4312658ad9a4b3703e56de0,6.902702550695491
88188301e8d3565c7f1e2cee1f9ab8794676216a,6.101634712602544
8819c6723e6d42ad569274ebe2ce4212fd8621c4,7.491785411124518
884afc60bb87e1f0d85311221487273fc5d13d13,6.706519288375433
8866a6da23ad8a2abfb243905e0b5e2c98e366bc,6.278010442646777
88a694a270a460f5a09e1e8c569b036d03b9b5ea,7.551503425937128
892240639d1170ec0f4bb6248ba3e9bd390ed089,6.608375303808058
89521736c16fbbd86315c3f3c555132aee8896ae,6.194823929663102
8960e95f79cd20b46b7e8fd09d0aa88015566a9a,6.918213725793563
8968e2c95fd09b05d48b4b094529d54d06bf6da5,6.793448068558673
899bf68f741b96e69c8b1d6bf22fd86e00b7c00f,6.701543635603543
89b7eb7ce1dccd4f6a7eb59017ac455cf1e57766,6.661489230075233
89cc639060f3d63cf21d893882e544497e32aeea,6.5653437960631935
89cd14d1bb26c559102e9080a85ffa977cde7fda,6.0568334721264705
89d4e10b3c250c027e108d10ebc00bda239e7e39,7.425124473921832
89fe8b96c04597a0fb63dca3a86e5f36e7580940,7.762928237797425
8a97d52d61d704e77f82fd7f1161d98054f48f25,5.821608352119583
8ab396fa5981adcdc777254c57ea744f1fd4cd2c,9.648339962971573
8aea6c59a11267f4143312770b4c84a2be56f353,7.072141441485017
8b158f3040b574b6d08148e24946fba8bbdc29ca,6.5940458644976125
8b2735093e532de21b7aabee43b9c76278bdd5cb,7.6672418790020895
8b3f8cb80815c489e6278cfc1a371b3bee3f6e1e,7.174199957755498
8b43c7696dc13421431102cb4385363ee33513e0,7.0869905712501104
8b557374000feae5ac9aee7b4078bfea53176ffc,5.870404226513024
8b65dcf807a9de0c95c0896919da04523176fab8,5.888315141719469
8beffc1494bb81af08c352aea875a183e45bd824,7.34813451664118
8bf27a767fce0a5fb359059183d06e01d62dca8c,4.972980376115564
8c5d6de5fca9e769de9676c911d9e082ec1a9fb4,5.276717856840309
8c6976c873d2ab3f4af9188a4189c46a032a53d5,6.807062098687407
8cf96ad1e77c722694ef03a06a781d61d632f2c0,7.839328191736111
8d0a196c1c472a4601384f4235f293c4a341b3a9,7.120714491026227
8d14518288c33c098206996aab23c31b3eefc864,5.789196474100249
8d65a433657534866907ca34885953c36951db06,6.1680407481018005
8d811d7887c2c868b631a2bd296412bde2b49bae,7.154361508143218
8d9b19c2ff7d630d2d48932f3c1d35aaa97ad51f,7.5269919111466965
8dada7632816cb20f182c306ae74184ea9e056fb,6.754731257181094
8e20affd5aca29391f582b7dd756c83205297c11,6.522346860156099
8e3a076971fce919b1a5a0bc62dcef86264a1c24,8.011416779259195
8e5fc3c13f17c0502fe3f0a8404b461b46183f8a,7.863334959963
8ee77ba42fdd6aff7a9eaa84d70064c4cb39cdc2,6.096193581982512
8ee958ba68793684a9962e1b60847d7b73d7c9d1,7.135201409524601
8ef999ab1a83c2760064ac6c7a4b6c4115c5a186,11.200618418178273
8ef9f17bb904f437ec0a9849d820ed0f86843517,7.365040273779027
8f19ffb508b23f955b93ebd99153f8ec99025785,6.89285940891228
8f7402db46b9b2a95aaa8282be9e471a3ee659ba,6.571742269260515
8fa7abd9421e396273c3571b177340434fc132f6,5.466472525215914
8fdb7157f90753735edf97fcc828b75e6a8042d6,5.922176821521752
9038ddd6c0d498cb8c65b4510e99e8527eabd40c,6.548388463431869
9081ee605de7c5e739569f3f829cba953cb918f4,6.72755722503287
908365770c09838aa1bc1874bf3915779910e775,6.988512796113208
908ccf9bf5e0e7ab597a09fa19d91b1a5563b43b,6.374797045695175
909386947a62f62c8b94ddde0b623b87c01e2524,6.019711281180899
90d54808ce52c41418550421c387818cae759dec,8.4028749070068
911315669fafba0a06cdbf08da7cff7e81f49759,7.116357741401388
911daa5a6058823b007274f35ba038da7ec89a11,6.526951223557367
911f5eafac3def56e71836d495b740cd059edbcf,7.22112820566366
913eb5b320c3f4b475e8064303960997b0dd7a9f,5.617964397601347
9167062812b68b140da9de7f824ec6131ef31a01,6.009572088775498
917f1aba835e5d7e79fc124c1d7a3c8c2588cf8b,7.416907278093663
91ccfc470d803af51ecbb91da39db5592e3a3324,8.114437456029167
91eb4058d0937eb5499d0f6b2a8dbae6f47eddf9,6.405866810164265
91f7019ee1831ead0e667cf264dfe7be6b743f3f,8.095061521540597
920523a6f06947927c3d1b9c2c902fae6eb740a1,7.1453825349840185
921b990c548efb5620585b0fe3049ed43dfda903,5.848390477195123
92213400df98f5441533511526206328cdde4159,6.491485800542433
927008a1eb1983b52fe269b504f398ca185603c3,6.502361987093526
9272bf390ef4a8e31a5285c14ec721495414c53a,6.1593877943665625
92828f67b16f5e96ddb0d436aaa6f1193104c037,7.103332176633391
92a1cd997867a6115b3d079903e63aba8dd214cf,7.277384694522102
92cea32d04d98c66af1c1366fe9811047a9b1cea,8.790287036036231
92de4c1319bb3b07781b63801e4599302764dc5f,6.674270453312992
92e2b243f8ca7bf1ce773bedf8205980f034ff05,6.345732356296059
92f51b59f25a16e76b18441fbe797a2fa2a5d3b5,7.609326498951955
934776ec5bd2147907362602555bd692fc56aab9,7.305517140104591
93635a4013ec683f217cad90ca4e41aa557c3922,5.075563980659793
93bda77bd8d32e4fa1a0549b76f807fbc22f1f7f,6.466388719111451
943f8910b7d79d76726a7c50a996a39a00fb033b,5.804399291187629
945546f9d4db4b9599e57ffd4271193406f0d96b,5.3528544954642
947a2e7cf57ae1a546f98831d861cd87c4fd5ff5,7.323127259589845
948fbf59cd52083820e8e1682a5bc2a34793997a,8.696722134126423
94ec21d59f07c2091e0359a0085fa6c569ed30c4,6.955631902316065
950671c7855e25bf4a8330768cabc430bee030c9,6.908604401165421
951b5bb9ecd6593cecd2bd72fdf62a0785bd3b3b,8.26429703055522
952c0daa0b72620df1288d516f0a2abeb5b3986d,4.892380639179351
952e48fc51ee7afbd972a8305c2f22a80ce9ce92,7.023506060069504
95c2c72faa0bcedf9452be96511b7ab488754e77,7.204776386616357
96013c7ce1186c9a18f5127959bb867243b1b9f2,7.966207204505299
962de82430c78164a7c1cceffdfe31dd0f3c3cd3,6.407199905562407
96d8f7656a57c4a757129d95863a463358a0c3ca,7.060708644662254
96ded661b95e3d4d3cf1c8d45aeae3b335224583,7.897545910626327
970dc7689a54be2108e10cf65af78d85288b64e9,7.033755496725504
97469bc8eac2e4fd57266fa9821a50561a4d8473,7.91690220117848
97983f3249349cfcb409b75d5f53e5cbab2bfa5a,7.50372549520042
979ddec134899a31461a05d820b9d6cad713715b,6.133640860963967
980a5ef7011a98b8fa55e5ac3d7ebce6f7784286,6.456084012072535
980f92c1ca3d1d662e790e884a1bafb6785dfe45,6.047829751594048
9843de5b71377fd3392db81e3178e11bbe90d95c,7.296043359373434
9871e11a3a4574e6b565733fe3e565f13d670744,6.894906129874432
987888aba1d68d84a51fcfef4131d649024e0aec,6.040549111313821
98903e3bc03971360097ad809526370f701ef5f7,6.768791251108512
98cafa82b3e7f1a3a179c62509778cf9290ca87c,6.52100487493266
9906fd2917a481b373848f6d084228f34ace63a4,6.599041500990016
99103791231143dd15aa77f2aeb87b2cd4a1c22e,6.538596149805674
9938999e257ea21c657f6c63ff386937544987aa,6.749341578551024
994f5b5cdc8a126efbb290700caf797948ac1841,6.8215679850789535
99751d158308f801241e028eb7c6b0363fc6ec88,6.791548887550603
9981528e7324f2d92c27f163b5d0424a07f94b67,6.192290726992087
99935e2b7f9f41bd823ece5418896aaf72e223fc,7.847211948945127
999704c760821f39257d453f58ae57cdc5db7cee,8.365395069531163
9a20834c7ddbbf82eff849ff8e4f321b856970de,7.15281263924214
9a31bbe1021725b074357ae4668bed6eb7e46bc1,6.839465519644113
9a5d7462df7a85794cd0d7d2c510ebf725d2e13d,8.297937479456026
9a6d7a470aab3fb51ab58261637c58c239ad804f,8.538275431851387
9a7c94325cf12595e72895187822c354cd8ef458,6.514889486481125
9a8ad4a46036cc65da3ce25da0a1b9e70f979655,4.888162114836091
9aace874af47927645c48f21ffeb82f8e15f24e1,8.265032479289232
9b0622ca034d946055f8590f554fde632487742f,7.272373469400939
9b4fd6bc9be128b294d3a8590bb6a146bc503902,6.433279865203084
9b536900fbffe20f4db747af055dec68b3ddb6ab,6.427370636043946
9b6d776d82bca421eb10bc4a1f5f866af7fc2a3d,7.789068688334348
9b788cef19b68860b4cba1f072cfc4744e6610b7,6.4522139348974825
9b9216e586500b4d619e331890d3745eea1176b0,6.965787815246443
9bbf52d74e4300842b27973d5e1d65a74c54c1b9,5.158226444267985
9bc8e6286b7a331de79c4c4e868b806c0b3bb12a,8.041505876885584
9c03af1da21c500de8e0a1be24e3c22d341961ca,5.853451651613132
9c4e901d499220d23e819ffe0156ef62c7bcfdbc,6.736959772417129
9c59b505cc82ae66d54df9629666137c9527e56d,7.397057924617623
9c8c8ca8e36d83954ecf380f84b01759c8363df6,6.296573902192772
9cb2a2853cd6c58a9b7d07a87ef3138c3cf723b8,6.470799567423397
9cf17df2214b19cf4cd63df22b802afde8cb98eb,9.860672184520627
9cf5d1c0d7ddfd6b78c222e83894ca3a75ee47f2,6.479182768499864
9d053bdf589efd451ff25e1977e438b11122e0fa,6.613400027218967
9d12b920015fc145b62c73ca689e71a362e33b35,5.693885615914418
9d46769291771df99e8061cc9c5d79aacb087210,5.794143893022741
9d549d02a71100ae95cf02deb371138097549edc,7.266919025121213
9d69c1d50467997289ee1396002cd197883a2b74,3.211317963737938
9d789185f1d5fb7bd42acd9d6dc1f5380fef1c4c,6.299778759937509
9d91374d67624389dacb4b429b8fa8c18442b29c,6.195962742534556
9db80a153d642e12571588fd68473c6e307195df,7.755701828530054
9de51c3306c206bfeaf41f4aafc8526300a9f103,8.507199249645591
9deeecfc873e74ca5ef8b27fb6b22bf7a536ab86,6.118610596383739
9e0457ac0f2824c5e725d83bdeee91ed078343b4,8.244146937554016
9e1f7de0fe95b78cc2236adb52b0420b382b40c3,6.1140231515910495
9e4c480f54169dd91629ec30917139f2b16bf6b3,6.7404028302302414
9ec1ac8c3d812703485bee8d58b2a81f4edc8754,6.19815121389675
9ec591a707f8d7eaaa8b43b6faa23292511ffef3,6.458234896024493
9eef5b76500d606c0ace08b9cd3ee9403e9e9664,6.660318647649954
9f605b4802c811805adc38ae19035ded09a5e4b5,7.462360703737831
9f8f3fbc1f6d3f36859a33054203c55d028c6e65,6.055096473579426
a05a86b21a7d5922fed8c50f36d307ed7a8cc70b,7.049807334638872
a05ee87ddc674ddf01518fe125eaeec0820ea53e,5.533957093102012
a07cb417ba30c0e4d8cc3831f093740ece8be01d,7.906504349184187
a0ec1fa9ef85571c363b1ff524a7bccd583b0ee2,5.624660661445396
a10c5f4ba04fc56032719cc84184c0ad5b5f8446,5.8630896242223995
a11fcd52b2df310a3f3bf8e0561a2c587005e96d,7.164117050591369
a130e19ad47a6849ba0261a7a81a8d9bb93f3a7a,7.732429255394501
a18783b2a14d61192a1b97ce3daca9e67cb8cd59,7.554298589534277
a1b60c404f7df8f6f2695982048cac298567b821,7.133408709578009
a1d026f103e45011fefbfd9ddc32eedf16edd5f8,6.115855467165141
a211065a6e065d2421b924d4e9314f1026611aa2,6.059150681641096
a22a58c5be8aa2c2700619e37f2b7a6e4efa7e6b,7.524538032788333
a244f431e70a9d4c780ac6914b564d98c04ac7ff,6.1111789839888235
a24729ea6c4aab24a9d6dc73513113e8b8fcf35c,5.672377663769099
a274dc9836c18bf295e9e81afecbdd72825ea79c,5.6668575107159045
a30f91cf4dd6e15b62a675de5087a6db82d61f51,7.215904395562253
a3748712b8685edb49cf966b7e662e1647503013,3.8859635810252957
a3c251eb71ac7769282f383672f19d3cf66f1b04,7.010219042205281
a40402ff4c87721e74766e6751bb458653b3e686,7.328764596096817
a4a81c655f21aac65297532528cba5a28e8f5ab1,6.095157720099853
a50e88cb6830931dd1271dfc49b3497d63bd436b,7.315392034408754
a52c67c0bc1c6ae7da7c6e4d38cc7ac5a869ed39,6.887451768775222
a576ed0ff4b19b2c864b2c489227a491ac670b84,5.020889751972797
a57d3a31b965e00aa208f4d499c0b3637f759838,6.1309207633646
a57e6a1dc883554789ef6049be9b51530a7aa207,6.202354596944367
a593667aa30cd094ca66d70dbb5ee98fc64d38f0,6.410806313884638
a5aef107fcfe6b7323ead96aed8ef74a69efe042,7.30219902343232
a5b034cb2c29d312a2e5475da6174e196cfc3c1b,7.523361884245282
a5f22a73b7cb93619da1f3cbc56febec52b1c16e,5.956790327863894
a5fbdd306fbe3003283cf2cb7ae4c371c9693290,7.452369031678074
a60f543d315ec120d2f433cdccc19342c9c3be02,7.183130463393312
a62742a35ef9194f7da07e547fe13f99bb6257bd,6.687115982873739
a632e2659eb116c7514dd825ffaa8939365c71e2,5.666772333928919
a65549b33ec5839c95aa1e9c2e50f74685ad7cc5,5.92293630033125
a688299300a50fed79edb502fb02fc503a564308,6.135223779589472
a6bd1b3de6ceb8be610c33e3a0e4a89350700984,5.107342795353478
a6f3201e19df0a0fdf0a3d878d6a8d2e50eefc70,5.993758970699048
a727c00002127704e5ae41a4a08948dc43b4aefc,6.717314387742435
a7442b91887824d182c90cd82955b97a1404dc21,6.349014173982212
a74f9942a4bf89bc51a259bdd7f5427f1ccc82f8,6.784360485996809
a75958bf7ddea02d2c0d5a300c83abfe240f3552,9.392165915155417
a76e1891c401fc5f73f6942768488b1487533472,6.94537344167599
a7e953186fda9e7bf8368e2d00a19d024f7db5c8,7.8846241498589595
a819175c8808635fda7c3854536f82d90a7b31cf,6.389123462997501
a832f98e370c27f9fbc8e0caec05700a96e89a4e,5.814984766950833
a90b8415afe8507a36e7be7511fd36f1045418b7,4.037487785434653
a94238b07de77bffd5189487ac3d56b96db7e09a,6.792769816692702
a9947ca4f64f3122a22c7827ae089d48db8fd76d,5.821631597924673
a99c3a5ba8f7e25ea61f79dd74cb89d6d8bf8a43,7.5304836043800245
a99ed97ee0e4d81fc9a8a5a5baaba5407a897b84,5.853168873832442
a9ccae25b9a8738fd3ce42dfb0fc5e92ca9b8d7f,7.2916581984457185
a9da415ddd0567c5995957b2239621158a4521f1,8.012751514771626
aa01429991aa756b651364d54b7b28c2bfeb6c3c,5.522818945735114
aa1696aba3e93761b292c97c68bb0e06bb2f537d,6.785355931817808
aa2166a08738eb1a62d78686cce70fc5572d0607,6.692828979084454
aa2288779d4ddfe46b3dcab170577d4f5096ab15,6.1238667182396025
aa2ad4e1f1035826e6351e1e801eb57c0b494267,6.974305554420447
aa8508f6aa7e91da7efc770fc0e04c471463ffeb,5.675838793298868
aa8e2b08e043c6d844c28cb004a224615af29e90,6.182154694059121
aa953585f60c1f5711c6d5159abbcaafcc89eb77,7.18635806819085
aafa3b985fc5f4f1f6dbe50b8edc01713225dd2d,7.239216999552557
ab2a1e43f425b67817553405c41c09a9bcb0e9c4,6.6027364710466205
ab4899d3252b533827ab7d15261b9edb38cf0a7a,6.883833586794771
ab4e0b5338de7292c155831c4bd68a740ae6d05f,6.5388183371835975
ab7c842d24cac25a1a3852cce506ca92cb8ed428,5.434406263969022
aba3f0810ff4abb82c285780965735f59dffc070,7.68664153047894
abae080e558fbbcf25131d47ef3dbea697548f14,6.99336483801765
abf736b0441172883ba772951733e73d557598ab,6.9857334218252705
ac018ab3a6242492006b3ca1e0c508abd1761538,7.1106070781904895
ac164aef8492a4d178d0704b602f0522512dd913,7.220292718020571
ac6104bfab84b79b7ff1f01c576e2b7442988f38,7.288954147106486
ac6522ed2e2b8a808bb80970ccffcb6572183349,7.379320144308228
ac7569c6eb788ec3ca408850d164b68f73bb148b,6.427443615191933
accf49bc7124b7fdffea9e75a869a597c4e8adce,4.847649474812073
ad03c4fb44da8b106e362ef8c65fe2bf34a385d1,7.130350067460678
ad3d8c094d5606a8005bb22a4cf910e497a03224,5.797458228446196
ad57f4feb3cdcdfbb77d4ccd074d9ca50227661d,7.625626482956377
ad77e6368d86e38cbf14a33770ca16b204522863,7.477253231129401
adc3882c435a390c34d34279b5528215928944df,7.878111567033492
adcfbf9c58d92335f9b971f6a9afd19d9feab214,6.957547294934409
add17ba1901ea9804a604aeed6ebe191d784785d,5.688245838622574
add21f371c1ade0e82ccdacf7ce016dc151a6968,6.693190127438358
add7a23a1b66010154da076a059216a13b90191a,7.584349090753234
addfbcc77f77c6c80cc3e55261cec181722e68cb,6.827410934826306
adf4cd4036fe7649e15bbc8379f224685017b379,5.507081057104096
ae75c8309bea2f4a1b1624ce50d0994d5b4dc451,8.054088891754526
ae7e6756887c7c2d0e3d26bb83045d298dcb5ddd,7.308146225778469
ae84ba8c1585fe80b8d2cc991a9cc4af2921a2a2,7.67365350575213
aeae992591ef4a9423528eb6029301cbd29daff5,5.042580549551308
aef76b2d6bbd67cf3aac958965862b263c50d4e6,6.73991068817353
af124b723c6d0d777c60479978e8da661b34bc2a,7.7413906191444
af12f06588c971f6425a28d61e4511bafff05bb7,7.102853879107566
af618fc07f8f8c9e1697d7e8ce5cea9dd4ddee00,7.500776675595694
af744dfd0234f2b89d667f962f13cff1b5d0c9e0,7.03479969637313
af8cb88c604c245257dfd33607bcb87cd357d3c9,5.054168770974599
af99c21153a5cd9289febb0cc7d1f8cbee810621,4.644756867519697
afc376cc4bc5460a941a5d21f91d19f159cdf490,5.902499309768512
b002ea316ac314e47c6aceffd6583bd300962387,7.352209189250524
b03084cbf44b7fc100db518a5ff7ef7e9924c260,7.67711601255726
b041f9ef5ab6da232256530cf8e22c31ac99971d,8.288929391689313
b0718e2faa64ff947c0ba9e9516616b44c8f4a5d,6.165910702020595
b0f303b4bc78b12a467c465db3b050425eadbf64,6.636746199801245
b1179b71e93f6ccfe9702cc342e53c5c04d2cf60,6.335831640419597
b11bdeda44addd99b9b0cdc016fcd27262b51fdb,7.106713965029367
b11c7371190aaf26293afea3ba2146f21205f73f,5.8432292093093805
b152244728671db447c59ab0796fac9a423e1356,6.287466678426724
b1e8855867b91eadecefd05a09f101799008b8c7,6.2216609736735204
b25340984452108c2928e20f412866a7dbf4646c,7.818270977785126
b27862a2f9590331f29ffdc8f3648dec2a7a7d30,5.92849187076693
b2a46e3625d075ff330baf8e18019e1af424bc62,5.784526598226682
b2b334fbcfc12bdf6bba8dc45aa8ade3ddb746aa,6.223733208460088
b2c520e7e4ea03898e0b8204fea068149d5535c8,7.843143322712297
b392a38d92631885c3b63500548976ac63518da7,5.251743753971883
b3946c98c388b721854634038fbd1820a7ff046d,5.431256547905182
b3f68ef83acd623f98f4a03fc633905fb2a5b027,7.183564784019321
b459886eb6e03f683c364b338a5c2f4776391dbc,8.040228249190198
b45e8d507778dab56f381a681c453cbf4d3b4050,5.775089492596029
b4742d304d9cd4891aac3cedf5905676e9fcc9d5,7.24780083732023
b51687ca4edcbe2376bc3204617227bceb0a52c0,7.280336163180052
b51b95c923fbe5e4f47342faa554cacb44477016,6.135177369663778
b52028ddeb0e0289019154f32e763393f83a30a9,7.512275498494642
b56069b7f468c9cb3ff1ed8830af52d4e2fe60c0,5.98479189052534
b6535907c852434b9243df7a0e65f04d688d049f,8.080708218203958
b68533a39390311fdd9ca8baced33145784eb561,7.19711674430811
b6cb94c201726bd4e4dcadc007dba2c69933e0c1,6.6349378015106995
b6de7562a3dfc6522d1d9f86967f5159e3f2f090,7.368819435783108
b6e252e4989b3b422d69eae06831ad0bfd396126,6.570438066111759
b7047722486e995e27292b5ab1945d72ab5a3708,6.763220268618285
b722e6209f2858faf0bf80947cadcbde586bb666,6.516477777486977
b7289b3b24fd67017ed82f62a889b4c9a0fb5ba4,4.725108382685719
b7297bd49e99532695b6290f29fac82928f9e03d,7.358562410654055
b7298b0fe50443a623af9b56792b330c2d052845,6.817090104130428
b729f209cdcbb802e5f6f16fd902793131660968,6.0731731846644
b72f0fecebc0120609eb4643631055b2e7a31fd7,6.4573166186049145
b75c5320a2ce606e7c46d1f82723e1e461f37a68,5.918302773154235
b7931b60e23916058a5767895b9214dac7a6515e,7.792611612818954
b7ea6b3de19afe8e98d52228dfcc3f3027f18891,7.381750587393435
b80a4c674f6640d304722f4a92eb9b47345f1258,5.436134379527175
b8b78832d415b2137aaa400ec638ca3828510a71,7.413916772940125
b8e898c506ad360ead5d4fafe6651fadfed6645a,6.363035686639194
b9cfcb9ade5f88679b72a7977c50eaca7170206b,6.161128728866116
b9db6bc5ded963759b9a1db58adbaad3314169d6,6.167305165234381
ba0b274a12a5891f98da7f012d4c757aeb822917,6.860248026090499
ba12c0a2cb367af0467e479c03507c71a805d291,6.72385079333506
ba37558e4c84bdb5486d1b3622b0ac7ed3d5222d,7.387512833577411
baa9b5294556d31b066df7e0dd8b1b0b1a8bb9f2,7.870803156109622
baae1f7bd8567b6f9e220cc863c92124fa71e1fe,8.621345794514728
baccf806cbacabe5f3a91ecd093cf36b4db436a6,6.140170823008451
badea8134ecf83e912ac6628ec12465e227c1e6a,6.67359953633912
badf8b0a0c342afb7e1eecc4fb19feb7ed28e180,6.148745408666471
baf05c058d7a427783ab9bde33f38d55ae8ac0cb,6.402877736917844
bb603e54f5809d802fec4c70df7b2c29a5125a89,7.101279884058685
bb6bcc05d3ef04c14c73ce93dad8c9ea60f5297b,7.089716102823272
bb81a7f88631b987cd15c8d539e806ad17a5b664,6.927758437395146
bba75421c48ff666a96646bd283072492fc712ea,6.511612382272866
bbaeaab91cec9991b4747c8ca3fba0981bf68ad5,4.785848888004326
bbb7c8095658b847103c47aa2a4b55440b0e9ffe,8.156289486090005
bbf7f2c725fe4c3e0eb56d29707437d1603b1c56,6.926609982724799
bc1f0dc5b937d54fa64e44c1e4e0de0e5a4724c1,6.437537992108599
bc54069a859b02cf1b00e7ab77d68132f9021c8e,6.687249250942694
bc8caaa2729aa0c9179e8d66388586a4a8586f20,7.736898860380224
bca16481f37f3534abb04344ef1855b0e56140e3,7.319950157223776
bd18fefd95851483c8aab15987fec421f92523fb,6.707254185952945
bd53f29596985f567c39329a8f8da5100810f0fd,4.311991468164477
bd81b591d06c4a726078a831c11516d6ee27541d,7.002793485023191
bd9bd34617afb5bf1f3ff27e575c4df427ac32dc,6.865882674583945
bda97a680a69285ab84aefb75abb53676e7f6b55,5.93967809921012
bdc3fba009b4d570355de5bfedfb6766746789ce,6.656354125065806
bdcfd5ee015db872058dc442ab9d3c72518366ff,5.992863633854213
bdefe60060197430834e27ee0ecc1d775f5e2b89,7.6762903324877145
be40efffa2a2ea77d3d2fb0cf1f8dd6a8da2b287,6.14967615177178
be6f4f4f657c80883591c6749a7951f9c992e4b9,7.323318527637225
be7b5a55c3a0343bda6a2a6ad09c5cfe8714b27f,7.2885302301107355
bec0491f541a76e4fa31e17842bc573c812cb528,6.378510322843619
bf22fb15bf51bc4bcf3d50f7494caad62a596d0e,7.191780197712914
bf9e4a55173e6e65b88bbf4f18744ea043b07ed6,6.950788813605602
bfb055d2c2ba396d5e6bd6022719b3ade1cd1407,7.873498967148442
bfe7f84ef78bc0134134fcb799465996fa84e4b0,6.669934314821069
c001ef5d0a98bae288e504e13db2f1d4533021f5,6.473696283330799
c047e3345530b4b4634715536ac54cec9c756b66,10.131533061570249
c072621681c71501470509aeb1c51e3f9f98df5e,9.846383346951585
c084f1399d2813131b70acb3920068a454cea6d5,6.1587306663554084
c096fc1d9c0ad8efae9cfd509f75522c50603692,7.029855514881785
c0986547994c0c40ee739f045a02e1ce427ec132,7.210990407077347
c0b8f55536e05f6da91c3b65ddfb69dc8daa12e9,7.4199229716497515
c0c13857d74703fa66da743d1d670bc2b9957f7b,8.352215425068763
c0d3079f5b83f8962c439707b96c7ee43be2ca18,5.672746454498906
c1287b2f156f6963bdda82942a95288967e9422b,4.2889501605890725
c13d9b5245d8fc600da9390192908048857599ea,7.664253955161745
c15e04639eb35379bc74fd289f38b1c9d21e2278,5.8824913185880305
c162ce77f4002856b569f63b1e2b58ccd6d961e2,7.416786298034469
c195c2ea359350b81a96211ccb40d03fb0501e7d,6.343219077922703
c20545cf079fcd100052faf6db21ee865023525f,6.594634975536566
c21b13edbab3d247c8816a374ebb57ef71700952,6.320619984645957
c2660985c0dbf52fe68f7d3620fffa6ff8f2794f,7.099291157586192
c28a837bbc21a0b6ea686c34b12a7e6badbc9140,6.913547684549701
c2ac862e74879f4b60191f0bb1397eff1e157c8b,7.00435536792563
c2ca84eba451533cc357b9c82cdc4c59227ee38d,6.790568224868809
c2da78b847fbfac6920b3c5a2086c79b3a2db8f7,7.577169306136205
c2dc9b42636e453c1ad8e7a5e490654d39dc303b,6.755822910600625
c308727c618e21c478dba676bcea9d040d179f99,6.375866246909017
c3127c3c92a3d510a78a5248b4e7fac50ab81e0b,7.820482892930367
c32840e4bedac9715b49ce3f04b3dedb98007cfe,4.6937866020739385
c352dbabae85680f4ce4ebf67886666ce47edade,5.50601955234575
c3635fc4a7b4545fc6df8dcad81f86d1e08c66cc,6.489958845868191
c399382ea2553528d9b44a9aa6492cee7cf0b5c0,6.7784576452310406
c3bf932c28538beb5024e80bd06e09c44661c8f7,4.770698000342583
c3e73d0362e2b21fae6edfcf518063e8a28b7b63,8.211396105588864
c3fdd44aeb469416e4895afe4040e54eebc23db5,5.6020180393698435
c41c79391cd0c8816cebc9a0b4ef1fcc5c2e4018,6.419870840226394
c4504ac02ad7e7e0c9ea3a1d78601374e483fc30,7.112085988343872
c45bf22121eaa2f37dfec2f58729d22394ea220a,7.314257192067447
c484db51bb8e5e6218578a71ca541b135c2aa1ff,7.650363526389982
c4dc23da121e0654017198804449e35b2e9c2027,2.49308431218516
c4f595ca17b4c13287b0beec0dbd45d0e356055b,4.6937866020739385
c52befc118a44669cbf7912b419dfc433c1c0eee,6.356715027022795
c52fc84d8cd2335788c472ff6fa6b3aaaa8f2252,5.080211473652228
c5b963fdd21435b56c4cf55f49d652d92fc83093,6.992982613378303
c5d903eea354607809419b5e23c869ea16626a59,7.120003023141974
c60be70309789b39355dc612f36e37090ccad5dc,6.814821796900973
c667e08eaa5cf47dba38ac81da9c185659db42c2,6.442939711747492
c670d2529bab25c82fc7c3757cb11e7f2e404de8,6.718075033412716
c67df30ae6cf151f19df3e36d15f0361619ed47a,5.380014662553907
c69dcaf9e10f52b187b13e678f9fe65505167720,6.989488589841844
c6b1b85455fc8ae7de258ff95875644d77f55254,6.89471160042078
c6e9fd605b75a5090b1879635a6db8da08b8a600,6.308627722337866
c746678029d2139e7658a0f94e98bbf09f258673,5.445524687176571
c757c72ff79910b22c548daf9067d6a682bdbb4b,7.60721376228098
c787e77b224890e7fdcc8e2ca0c0577657d98581,5.683171065700104
c8332f72a4f6049ef2f28e4a0fcbde9d142c8591,6.231345635244399
c846650d2b1b4a07f67e13c5aa56c15185f81f15,8.010168175789083
c87d4a1dca2349d1fbdff1c6d6a57708c1df793e,7.419192133000641
c8944ded19113906cf130904726028c5c1a11138,7.121994936398274
c8a8565f00553a00a5d510958dc8c40a4a477783,7.255748418229924
c8bd30152ccbeebb18f9b1fedac0869f845980df,7.554094166898764
c8d7193cba58a3bf26ba18f4ba5728c56ddcd4a3,6.452199329889235
c8ea10d959a7c782b45e6e83040472d432fa448f,6.153884989958383
c9c6d1fdb1bc64d7137f0fb7050e334cbb7c0f6e,9.522029343441119
c9c9df2ea1ddcc10cc57d4e1d92b2f8b33d94538,7.548535451228624
c9d7b86399869ced995a6e467a257c3915339562,6.17685880254509
ca01f93cb3384006f7af5de96bc25f924ad8bd14,7.1348745150250075
ca3bb5c80bd96ba545e0a42232c6fcdb55f7106a,6.139700542027207
ca6829e71c271976a4eeae12cbba5e49f232da3e,6.9331466262261445
ca84b66fa8d2c26e91bcd21dea081bb062e51711,5.82041251480501
cac291a9658d7ef15e1ef0c71b188d96eec19ad0,3.6210854789231934
cb0f9c7be617b2bd18ae83ee9e85b621cabda67c,7.34984232342822
cb16d181d96fc8c94f8416437c059b5f0aabded1,6.844124625398782
cb713a14e9dcf23999265a8826e204beb646626b,4.386324307316701
cb72cf616f3cafed458ef94be529c172bbcc5277,7.113135974158204
cb7cbbf59876001661704aca5fa8d70467f514a6,8.641827855573544
cbb7db3eb5270179fe8ebb9e73dde2c894c9a971,6.967926360983067
cc1f8f78f5ef5237c717194b38699b168c265513,6.870066668837468
cc431fffd568a0d46d302233b4d71bd216fa94f3,6.836675567794838
cc818564efabc759f8cfd2e978029ff6125406cf,6.806132131297452
cc8edf9c827fef5ead4c85eabf96ca7033ddf165,6.013042258385362
ccc7600e812ec5b6e75a9b4e2b04f00a48d1a9dd,6.795773000417763
cd1c8085cc77aaebd3c527b4ecae7e9150ce0d77,7.079845073562096
cd2b912e4a3d661cd4f500287d3bf1b4f444b7bd,6.51290613688368
cd2cc30c2a3c6b967fc897beaeae9d3482163a21,7.735696098583856
cd32daa7c1ff3ed117a127c9c185c1b53a396138,6.447288181331872
cd6862158d54e5c270e8d4bed99f73f32a721e14,6.947619708751837
cdea6ad7a63edbcba925717a8c64328c255a0450,7.679380098160369
cdfb7ea46096b2a49dd710ef5dfe7bb354cda15a,6.464480686753033
ce201bf315598feafcad345a663284bc266862c0,6.7516120737256555
ce2f2072bf32af4582a24726936af34f88225213,8.076071587784265
ce3ad9b28ad26a494e6a196c110ca405402f3e9b,7.600894722458962
ce56b4a23981e6c9f70e87f087bc1be07fdf25cd,5.911423646204774
ce5a9a38579b80879f4de53eaab2d0083b685d62,6.4898418662394555
ce892387ba13c6b526d18de003b62c1bfe4c125f,7.228014152281747
cee203ff00aaca3eaaef780ea6c4a68a3f8fd2fa,7.6339648986751705
cee41e969faac5fdd054a726b10fb09228eb7061,6.107899303297703
cf4bc843e5bd6ba302b1289af66f383b0329d6bf,6.384731423212725
cf5422ab2f6793f4d5930d2901e652ed7dadac9d,6.4277120663537355
cf6788dceae33f7826997b7fa99b5189cff1aa4d,6.904115758575254
cf84076c807f395016eaee41297162276781b963,8.095283667038458
cf8a26a2ce3ac2cfd81a1050e73bdc7a4cd225e0,3.4067998742409324
cfe62afe7795494a49cfaa46bdf17c38a3c0d284,7.802893402229621
cfe97f961ec4d2fc578ef0aaf87f52c54a9aa181,6.300267472881664
cff1765d7a97d3f012a354586ccfd49fdaf6aa44,6.583894581873114
d023d3790457d12ac59581326aff1a396b206d09,7.079267767759735
d0561a58b05777ad43db1e0627d8770d37c48d5e,7.104075560716033
d06025e3b7e91bb8718335f7328466206060faee,6.4355004809375185
d08b1608a634fda68fd097f278ce9fd4ac24046a,7.17510614139808
d0d3472fa981f90d8e6d036dea4bb627c73b6592,7.588816179105715
d0f28e44db91cce7caff1db428643300dfb3392f,7.255810874024508
d11774bd10cd517b1cde216ca391e76efaf59b44,8.05467956198364
d11e42daac68288eea95d8923771a326e667b520,6.568489019766706
d13ea487552242f9c688d613dab06ea5b8a867a1,7.51107595910458
d1e238d8cc58ceae3359c94b2a4a976a975fc9ac,6.997092389799698
d20b8e96e5c520827768fe614961d0534c6f2680,6.966650511887722
d2491eb9351f861cdcd439fd5d73883a6d681d6a,7.7506654920782765
d28c344507f89c41df926794e0d5a96d10349014,9.45065484844816
d2a2d2ee79d993c9821f176d9a248223ee59b3c7,6.8028096715557425
d2ef78c03149ddfd267005d0dcd248adcc227e02,6.1235193016905765
d37f552ad5c3e1e1c3fc9aebbea6cf50e1b9f334,7.192643733778485
d3de05492e2353a5f3a80b5ea37a6de4651923fe,8.59997239480055
d4707fc4aa22e29062e02639a1b8c9f7ba3e6b65,6.362989326782706
d4a08e7df54afbd81401faf2e0349e88ed7fc2d9,6.801344235947611
d4a5c57c98a9d8e16b1dd93042d22cc422772b0d,4.891543632880811
d4ca57e34b4e28a3a0c73339e0c72db036894d3a,7.244114792135336
d5155526fe2b5c2b956687b34d478647ef6bd092,6.67733026756623
d5179819718a325ee33fa2096f37995ea6cfea8c,6.403704532469893
d525d6edf4b0c6362ddaa4814c3930a6a62bdc99,6.8109136929097325
d57eca033aa6388430166086ed3d0390ffefa85d,6.960870248845127
d5841f944022e9ef49bf6ac9b5546dd82ab2784f,9.520997937351254
d5cc23d9ca216f0f8c6e5ada7c4e3284a3920958,4.603300918536576
d5e3e0d1ec5eae8e2fc08b9c3607cc766be6dffe,6.558697190334251
d615e34b407b1816d1ae062d56a466c1d17b68ae,7.326702830821339
d6515d627895751c832a3075053719da2f5e6cef,5.253081950549047
d66918b05a4d978f6aa15979c85902d09babc898,6.215915650309271
d66c55f4502b462e88d4529dd6b4d167fd42d165,6.567650393813096
d68718e7e9140ca136bf5e39efd7c122632ebba2,6.903160299499576
d69d2c6bc916b8d054bd50f4270a1c6d8cca1426,8.183417820067453
d6f54f87ad964bd1cea20ffceea962f8b6236da3,7.441250306051168
d73a15bdcce722312152f547cec67e8dd584a6a8,7.765193915360621
d7a319cabc8e30b748e2beca44fc575fc83197d3,5.840937060494054
d7af1840c8914a381ffae4617c33ab76833d9513,5.883465404488672
d84468682013517fdcb3506ee81783dcbdf3bad4,7.484646876023732
d8550edf3efaf335a9648aec7584ab6acb55cf30,7.58156192831217
d8ad4586476ab6240c0ec83f3c12cd4cc7a8f622,7.513308241070857
d8cb6954aff8cc17b05a205c949f36b46493eb8b,5.805094773785223
d8cc02c7b6d2478b9f6d47664272c43801d6d9a9,6.884907647803476
d92840812393583b0f053de80ecee59f5b19bc03,8.4022334647791
d94808bbe3e5b3ffc39c8d68e0eed70929c70762,6.506083447234936
d982afe8253215b9a75464a85bb061d5d5f7975a,6.281400037416921
da37e77368c2bd5a7a9792749fd6ed83e05e2515,6.96034283171302
da7fa747f59ca321b48b414b2f884d027bc961f8,6.032396486751115
dace1e5b88ac51d7bd53523ad70f8d5d188b9368,6.025080681785352
dade8cdd2806e1efa138e68d984abd0ab1c87ced,6.416007864543015
dafd07b7aab7dad9894cee44cad55efc89255614,6.392767106081943
db4c010c135d84c00fee816a085360bca2537594,6.646422259465761
db5924e7ed00c9136308999827d50dbcecae5091,5.428521089436918
db7c4fbff4eaf7b21678b8b053a0c3dcd74dd2b1,7.306641568284743
dbb0e3f3c32292438fbd39684d9f1ad153bba64a,7.58789599192657
dbc27d6c8a04413d73a885a7b2c2d8db605504fe,3.212083937266649
dc5325f05ad384cacb2431acfa1f398913151afb,7.231038116538772
dc87f8c4ae8953d2d0bcaf1a08239547d77cdee8,7.039902034689894
dcf7777f614c11ed45f8ff82f2c44d7dd15889af,6.4008827498758025
dd98462b95687767f50edcdc4758ff5237c0bcff,7.680764035857361
ddc549a4ced606b9181bc2e6e0bb75824fc20f70,7.405239209606338
ddffb03cf0301334f5a2f89626640fa8812bde5c,6.986260186801207
de163edff457321dc540b375c7b316c7f9fe73cf,7.270680323387596
dea33f83f3cd94f54f1063a0cd22eab07ec8d3cd,6.575013398191585
defaf0c38d68f9958bd180e1a709f130a999b2e6,6.7165491987135
df15664e980175f8ee9ea6687b81c59f3139406f,7.449906653917381
df17da01944f34b2a6b59e8d45407c1297f9834a,6.978420183779669
df1a661311bcb75b3b3c258c46ab75819bd6d249,7.748462547661146
df42fc345b50f42b32dc5f9df420978b1cda663d,7.3678030127896825
df8fb59599b421d91967aa7d053fa72e91e4f6fb,9.236891903129049
df90d9da415c30c25a16e21ca85638577961e81b,7.338661428612505
df9e2c6cfb6035fa5b26af3b101bacf64e95e913,6.492094943077439
dfc34f90e58f60b101c824e10d74b8ad0c46a2cf,6.330629257400654
dfdeea1cf0b4fb6c906a25d99aa5756efe14c996,8.754540302647714
e036815d3a8d88224e7e8a95c64ca031dd5b205f,7.131509372413852
e04a53abed6db648ac01e162aad84ef8b608365b,6.303118762863237
e07c3edba3602b0d172c2db763539dfa9819027c,7.311163406102634
e0850b1bd8f8de58096da128ec94efbdf5f05ca8,8.066124723780966
e105dc9d8869af3a83704a5d048424441ce4ad01,4.301486929557858
e13e39c815ec66160db3c75b7331dc1a0dd1d4ce,7.409503433790791
e15002a49ed03188f18c7a791c458c19d1ec973a,7.16047029403736
e1d3226bcfad8043e69d31f3d76e719c7f041d3e,8.170220520802468
e20abeea371227f8a6318491ca3c0211afbdc1a1,5.769068850254898
e25991f3bf474e9b542b09aef2407a78f3ffc61d,4.380437665862099
e2670654203c6b5aa850edf95ea9e293939963fd,7.404374952861213
e299749491b5a979701f0dedd4467ed53aaf7c7c,7.575350852675613
e2d88e3ad6275b7eca2bff120e467f9158b29fc5,6.322438833507568
e2ed5ffddf1e60198f9f138810f84b7107ca0561,6.191671801193742
e3919de46ecd1f707451dad4a1ac88e5b7403f11,6.430747237529523
e3b9460f9a4bd3f4a5243f388246084f41e0dab2,7.439109846236273
e3c9abe5680cb3851ac38d00a01c46f58b6aaaeb,6.6777892129972845
e40337a34c269120bffcc76e69700d06f6d716ce,7.2334483085364045
e45204eccdaf94faa580c54b1fe1289c97b1f56c,4.727705376429324
e460fd665c3f541f48ac4503abf2e90b9bbb3b94,7.289854661595327
e4935a868e50ec1951f892af50e2f5886c935919,5.974075466408176
e58eaf39ea458008043bd1472f267706524f1fc2,7.673129938189852
e594aa5283c8b2076ece870504b4b6b2e9c29ca9,7.1428547367374255
e621f4d6991a537e4508648aa4c3fc278091ec1d,7.690956443811393
e63a9cdc387a31ea563ecc24b20eb824a8c54ebb,7.398819264707411
e659bb37740950badc7fac606f227ba5f74fa866,5.51303024418221
e65a627881df5d3e0bfad77c56221d858da5ead0,6.967435775240639
e67fff49031a4f2699f10d6a2dd89b4cafc70323,6.98496464421882
e6900f649459ddbd9ee38b93582378162c8d77ac,6.8373744014361
e73e06dbdc983d0a3ccccdf754b85603dd0818e7,7.610148576145113
e7b94e593e93b6fe31083393cff1d63ca2142b64,6.133290455581527
e7cef9ca74dbf2dc906e3216004a1b5e6a96e241,6.854913676398998
e7d0678e66dad824da63837b53bb0bb38a571f42,6.463413659719992
e816ed48800359bfd078c1444a40e00be6fbb5bf,6.004643619269023
e8335df6f0ac481c6ac16096889c51cb95ab2f6c,8.584270944731125
e85a79ca1bb1f59951efb5c25e40e0ee73985cdb,6.813302023225591
e85a95e2eddbdafe7db54351ce3680933e09d0a3,6.259684897222643
e873b044ecba72370076d7fe198eeaad94bef3a1,3.9440521062161684
e89a4f1825ece62064e95e63475769011258af36,7.999997285660971
e90cd427d5e229999107e56e3f06953f3108635a,6.672551657249302
e92f3d3e5a00b7767c239cac14b6d9fe92d5ef9b,6.8644637779106255
e95d7442ab6fb642a8c3529ef2fc8aa25a774e13,8.466861324730264
e99d4fb3ef87d5e201da3b08841541fd953af089,7.52910972451614
e9a8e1a87eb55c0dc1787fcaed22be98d9cc1ed0,6.932212063565936
ea0a8f0b0b712337c3740e6ad5293f3dc47db568,5.972172110834531
ea2f8736bbf1d859fb5b46f848db37f421181bd4,4.737153859125257
ea385e57f5d3d6841a6997dd7af680e135928bca,5.253889397480224
ea55b410ce0e38664c6597e4bfa09fce84399461,6.134227296711339
ea7332c6a62cada8a8e85200ddb71fed941ce876,6.764510543114769
ea79d40b446a3660b4d0b01e53fc4a14bc18f60e,6.401369635868296
ea8f19a7914d05412dc4159108d93d42a675e2e8,7.892923030725377
eaad1484ffa24b01432fa3564a8635bda0b4c34c,6.795813206471705
eadbb37222d32232022838b7765dea96bf38e0f6,6.255778529129359
eaf60b6a377c720fa7a13f97831f38531047a217,7.826590590175151
eaffaa19471bbf9bba8fa5808dd0904474089ae7,7.896976919241313
eb001120a0f842e5bbfd786652695628bd65090c,7.630453005126527
eb2a090421ba380ba6c0a8119510e031bc4e55ea,8.148895376883772
eb451c65ea210bed6af798282c2c6205c79f71fd,8.028020220063013
eb46bad8df84ccc42fb7bc9cc3a218247777367e,6.169003633222478
eb7470e41cb0d50314e9755be518f55b093a4975,7.702971073788687
eb83b2280e41f55da33ed81e62d7b8ebba9a93f8,6.250007788594994
eb870373b64f0be961f503936f7a725fca60fb32,6.3332377073154325
ebdfeac0c48444c5f4fd377145b2d97e12c78cac,6.572339992807995
ebe0702c8a0d906044fbc61cf18d3f8dc9aacef9,7.84279811430986
ec62a3c21a4a116991338ac88863dff35157a1a7,6.180979954560489
ec7d2ce8cce8253208e8d0ae74991b46ce2eadf0,6.842415403012082
ecd66b9bbdcc6ae1eb9a6b765868cba3601730b6,6.75477520511473
ece9b75bda9d53b5a67f7bb53b5635a3df017020,6.293411768355641
ed3e0c98995edeee0b0a55fe15929a82097e93fe,7.514833268121385
ed6c052a16794cf2376b1497c505b438e9af69b6,7.220427509894296
ed8ffb58d172827f17d1abead83d9b8c44b554df,5.401418915781299
ed9eaeb6a707f50154024b24d7efcb874a9795dd,6.026304409385208
eda32ee9ebe79ae7f85927db19cadc6199752dfd,7.16723713222095
edc5737211dd036ad81985e117aea3ab9cbc030a,7.063259563502737
edc641c842df448a70ce315e00b6dd4461a260a9,7.321232723176292
edcb11b4746d7b8056929a37a11e81b0fe3202c9,6.999501486544782
edd78ffaa7bc16d94ee6908b98b3d9863f492c89,6.735220101499598
ededd47b1e0c18d4af4ad2b0cc21eebcb7c6e6b9,6.934092039033986
ee30201b0b1261fcb6cf010787990ec87343d300,6.040549111313821
eee2c3c453eb64f9c327f09e83be35ef36528101,5.5744857500122516
ef02ce9a2a904477907fe9135cdcbf1652180d31,6.89959241050701
ef070fa973803bec505aeb6230acdd7a917e2a59,7.360782800479686
ef5d4cc5cd7a9d46f3e31572d97bd52423bae4e0,6.262328419104234
efcf2fbf26e74d0af378d96a168c8cdc05c42a84,7.71586952090406
f01795183fd859bc35b074c06fd58b5e6623fb03,5.51900120458744
f01bb96987327c1dfec6ddbc980cfd85650f20d6,7.269909625113407
f037357014544261767c6ab5b172b246b09d3ddb,6.19864343858181
f05838da14ca1dad97a5cc0c58323c6df9153257,8.145984376561872
f0be3049c99eb84be5aae5352c2f0ccf661e1f43,6.107968308449471
f0cbea39c26f2cf588e04885ddc1a439564bd782,5.9973013379813676
f0d74f349e6479eaecf425634f8b0dd51e60d60c,7.147444296874734
f126cb73dbad037e40b322f82b6f40e92a15a595,5.975837097460572
f1299639d65fd743440958354f22154e171500d0,6.676398182561078
f1302a0b13ef669e0d797c1d4106355cc43f7144,7.652325102159706
f156718d3970030deec27298f56fc78a00c00f5a,6.6171479800207615
f18c98fe93f825e2c01296bad47dc072ff70eef1,7.319265067090958
f1fb0a22c3c46fe87eaf8bdd97d80ed51436f782,6.144240602823186
f2418c1ba0f63cb975e6d8c26ce4a145b11ad924,9.920277050225401
f2c6f4d1250f2570b4dc5edfa7d0952ec4b7194f,7.7760202975625266
f2d54f193cc71d429fd5803b2e4721d012afe568,7.048675245214655
f2efe01b5b7d2613529468857009a02a3cc820b6,6.1923021607646955
f35248e9e95942a05313dda4f3a677705d8c651b,6.711474675280582
f38238ea1bfa182b81a7d73d563b61dbf2825754,6.018750288029137
f382c8f54d9fc494b6d8cc0751f694f0acbddca2,7.349922130716615
f3a603f5ad05ee8b8374af6523467f1ee058959e,7.125446752151213
f3a7769633f8060ffee4a0295c55ec9be084e3c0,6.768933235624514
f3d6d22e76fc586bffc4f5ac1d73f096f03efa0f,6.844242317646753
f408354e704d901dac2f283fc8242d2787ee4813,7.422789654435881
f42621bb38f167d2de3d662cbe897f5fd1234aa3,7.635650326654204
f4367a0ab2083a66a5fa812df89e590d3fd3b5a8,5.876426994120235
f440f5463ae218aef17a60e9f2ffc7dbbc45dc54,6.392456132788044
f459440c7a99294ca9763f332cd9aa09b0c280d6,6.504772583524295
f492b1eb37bae60ab4597c161e7b67d9cc9e4dc6,6.26910090133047
f4984561cc406867aa796356b6bf10a2091e67fe,6.924638643456072
f4a045088bd0003226023c10214248049d9da90f,5.075563980659793
f4c3f24024c2e96ed13a845b5ad7213143844d9f,6.949375795007256
f4d9301713b16c13c174f19e18d0200175494a79,7.456913690688129
f5674c61e82766371ddd913c99e6b70414f4dd55,6.897093513429842
f59fe9b15a7762aa5ffb0653396da3f4f2536553,8.936708215708734
f5a2b63a98287f49a07f6101717dd4c1048b9903,5.9100629564256195
f5ede5df58c2ea59be6b8c8097659bb8c2e9d0e9,6.359016468302599
f639cf4aa4008b2bf51b274cc01dede03666150e,7.095664196071184
f679eb92d1581b842e213a6d2a8a74a0b9ede984,4.277817627939249
f6c974c003c063735fb1afcba0aec50acdb89861,5.884267652187591
f6f5b15522aa9457158ec6d7a16caaacd6cbee42,5.746631363980234
f77371745c51f549f9a641110e52f255aaed0f10,6.729838117808217
f78599d53dcb621a631b8dbc0feb5dd63e2aedd3,6.341990380957158
f7875ec1207504a229cd9b5ca132437c6bdd6a4d,7.137245687917199
f7b65fa8dfbc07f71d9e206d1e1fd35b986cab65,6.360138587413348
f7ce1b89f61b8a40a961d7fee02ea31d4b27583a,7.3935815202446635
f7d331120e9b3a15cf4a0028849bf050846d5d6a,7.05555245616863
f7e7c21b753521a3f4eb226d9c69d71214e183bd,6.535161780129254
f8526194e3d9450a847706ea1c474c9e1a65a3a4,5.714714062650248
f861873a2af44519d0c30b7b390257e28084c360,6.766121318772601
f86b9fba1d59be7c864d4f23d0c7674113a27cab,8.970145013952822
f8da0aad0792d4f2d30881abdbfd4029dc264842,6.250218037902858
f90fb4df43d85aad3ae9602aea19fdb4f47de984,7.596026693757332
f91758fe4f441cd4b7b053a03252b4c50f3d4737,7.323161007030334
f91b376092344f19705df8873d25aa4a34bafce6,6.663880379037105
f92e3ec921384713419dca56d1fe2be1d51f1b54,7.359698133258529
f944b947ec651ccf64807b644af38c6f04229bb7,6.034110013669426
f947938c0e7c1345a488d9f17a74331ca6f478dc,7.6305846368340875
f9491b0ab4aee90c428545e0e315a3af1f827595,8.380788050467396
f94ac320b67f53eb86a68cf30fcced221092e7fa,8.314389296918812
f97b1dbd007f20fea2e262e62433e01ae91da602,5.186742252403365
f9e06c04dc036b01f65e7f71a9201922f201dade,7.938021611329578
f9f4d4ef2a3de006bd037db9eb160ab8e51c79f2,8.20374863503563
faab34a8374299678ccf4eaa3628cdba3b65bfa6,6.358902134492239
fab22b3c9fd685c26953a5ffe073c4aa2a788c7a,6.693426484261726
fb0a2834f5f131005e12dc1962056623ee6a7188,5.588836216235517
fbf5d7997f35a05b4f296b7b70b08866c13db856,6.833150994455257
fc4d0cb084cf3b98bbe820a9fc36fd437940969e,6.186258083020536
fc83d8b4ec86934a2daa128311afedeb0ca5fd50,7.781017161573695
fcd6e54df612c033e7a465155046b5223ca4eee3,6.65755100417225
fcdf51cf37b314ebc57038046b859b3172117f4f,7.326983923286022
fd29d68d81bf469540c56ab7074ad748cd72203c,5.330558867186432
fe31861a03511f91760de27adfb8803e8ad321b8,5.318375909493539
fe4316169ee8c83567ebc52bc629912ff65f14b6,7.578935618407396
fe516d090eef192c93197ed87878da0e23908140,7.608159428741533
fe659e147194c97b69278c8effb4041297398009,5.916029895861669
feb8a2859a011c59efd22ed419cb69288fe03627,7.0125643085287175
fef4a3263ed9a8ab14d457694bb8fd86ccd98312,7.40121527462961
ff12d6e2ab80696ed8e22fbe5497e96c68d29076,7.6598452204159555
ff3fa2ec64294f37ae968159f810ebeda7966c51,6.2203176275703065
ffe872165621d735a48bb5db0c71dd5195cba359,8.78612579623982
